ANZLIC_ID|OBJECT_OWNER|OBJECT_NAME|MASTER_PUBLICATION_DATE
ANZVI0803002494|VMHYDRO|HY_NAVIGATION_LINE|20190112080316
ANZVI0803002495|VMHYDRO|HY_NAVIGATION_POINT|20190112080319
ANZVI0803002490|VMHYDRO|HY_WATERCOURSE|20190315195840
ANZVI0803002491|VMHYDRO|HY_WATER_AREA_POLYGON|20190330023533
ANZVI0803002498|VMHYDRO|HY_WATER_STRUCT_AREA_POLYGON|20190112080353
ANZVI0803002496|VMHYDRO|HY_WATER_STRUCT_LINE|20190406023644
ANZVI0803002497|VMHYDRO|HY_WATER_STRUCT_POINT|20190315195926
ANZVI0803002538|VMFEAT|PL_PLACE_AREA_POLYGON|20190315195817
ANZVI0803002504|VMELEV|EL_CONTOUR|20190112080212
ANZVI0803002502|VMELEV|EL_GRND_SURFACE_POINT|20190112080300
ANZVI0803002893|VMELEV|EL_GRND_TYPE_AREA_POLYGON|20190112080305
ANZVI0803002639|VMELEV|EL_GRND_TYPE_POINT|20190413024854
ANZVI0803002500|VMELEV|EL_MORPHOLOGY_LINE|20190112080310
ANZVI0803002501|VMELEV|EL_MORPHOLOGY_POINT|20190112080313
ANZVI0803002446|VMTRANS|TR_AIRPORT_INFRASTRUCTURE|20190223054513
ANZVI0803002447|VMTRANS|TR_AIR_INFRA_AREA_POLYGON|20190223054522
ANZVI0803002612|VMTRANS|TR_AIR_INFRA_POINT|20190302055928
ANZVI0803002442|VMTRANS|TR_RAIL|20190413025309
ANZVI0803002457|VMTRANS|TR_RAIL_INFRASTRUCTURE|20190413025319
ANZVI0803003244|VMTRANS|TR_ROAD_LOCALITY|20190413025618
ANZVI0803003245|VMTRANS|TR_ROAD_LOCALITY_SECTION|20190413025723
ANZVI0803003140|VMREFTAB|PARISH|20181214182309
ANZVI0803003161|VMREFTAB|TOWNSHIP|20181214182410
ANZVI0803003091|VMREFTAB|LGA|20181214182248
ANZVI0803003138|VMREFTAB|LOCALITY|20181214182252
ANZVI0803003229|VMREFTAB|FR_STATE|20181214182115
ANZVI0803002643|VMREFTAB|TRANSFORM66_94|20181214182417
ANZVI0803003152|VMREFTAB|PR_SPI|20181214182346
ANZVI0803002305|VMFEAT|GNR|20190406023623
ANZVI0803002870|VMTRANS|TR_AIRPORT_AREA_POLYGON|20190113051644
ANZVI0803002507|VMADMIN|AD_LGA_AREA_POLYGON|20190413024757
ANZVI0803002531|VMADMIN|AD_LOCALITY_AREA_POLYGON|20190413024809
ANZVI0803002613|VMADMIN|STATE_ASSEMBLY_1991|20190111181021
ANZVI0803002614|VMADMIN|STATE_COUNCIL_1991|20190111181028
ANZVI0803002625|VMADMIN|STATE_COUNCIL_2001|20190111181031
ANZVI0803003126|VMADD|ADDRESS|20190412191121
ANZVI0803001034|VMPROP|PARCEL|20190412193251
ANZVI0803002400|VMPROP|PROPERTY|20190412195925
ANZVI0803003237|VMPROP|PARCEL_PROPERTY|20190412195255
ANZVI0803003238|VMPROP|PROPERTY_CAD_AREA_BDY|20190412200331
ANZVI0803002900|VMPROP|PROPERTY_VIEW|20190412201751
ANZVI0803002896|VMPROP|CAD_AREA_BDY|20190412191859
ANZVI0803002902|VMPROP|ANNOTATION_TEXT|20190412191548
ANZVI0803002898|VMPROP|CENTROID|20190412192929
ANZVI0803002717|VMADMIN|TOWNSHIP_POLYGON|20190412191027
ANZVI0803003236|VMPROP|PARCEL_CAD_AREA_BDY|20190412193701
ANZVI0803002909|VMPLAN|PLAN_ZONE|20190412010552
ANZVI0803002912|VMPLAN|PLAN_UGB|20190412010531
ANZVI0803002913|VMPLAN|PLAN_CODELIST|20190412010417
ANZVI0803002917|VMCLTENURE|GOV_ROAD_POLYGON|20190315195336
ANZVI0803002910|VMPLAN|PLAN_OVERLAY|20190413011322
ANZVI0803002914|VMPLAN|PLAN_UGA|20190412010515
ANZVI0803002835|VMELEV|EL_GRND_SURFACE_POINT_1TO5M|20190112080302
ANZVI0803002630|VMADMIN|STATE_ASSEMBLY_2001|20190111181024
ANZVI0803002716|VMADMIN|PARISH_POLYGON|20190412190952
ANZVI0803002493|VMHYDRO|HY_WATER_POINT|20190330023548
ANZVI0803002813|VMELEV|EL_CONTOUR_1TO5M|20190112080255
ANZVI0803002899|VMPROP|PARCEL_VIEW|20190412195358
ANZVI0803002905|VMADMIN|LGA_POLYGON|20190412190920
ANZVI0803002916|VMCLTENURE|CL_TENURE_VIEW|20190412202442
ANZVI0803003027|VMADMIN|LOCALITY_POLYGON|20190412190938
ANZVI0803003025|VMADMIN|POSTCODE_POLYGON|20190412191011
ANZVI0803001093|FLORAFAUNA1|RAMSAR100|20180201170859
ANZVI0803002636|FLORAFAUNA1|VBIOREG100|20180201171019
ANZVI0803002376|FLORAFAUNA1|WETLANDDIR|20180207010119
ANZVI0803001066|FLORAFAUNA1|WETLAND_1994|20180201171145
ANZVI0803001039|WATER|PWSC100|20181030160423
ANZVI0803001069|CATCHMENTS|BASIN100|20180202010129
ANZVI0803002317|CATCHMENTS|CMA100|20180202010145
ANZVI0803001033|CATCHMENTS|LSYS250|20180202112516
ANZVI0803003002|CROWNLAND|PLM100_POLYGON|20180920155922
ANZVI0803002019|MARINE1|COAST25|20180123124245
ANZVI0803003379|MINERALS|GEOL250_ARC|20180201172739
ANZVI0803003378|MINERALS|GEOL250_POLYGON|20180201172850
ANZVI0803003034|VMADMIN|VICGOV_REGION|20190412191039
ANZVI0803003063|VMADMIN|STATE_COUNCIL_2005|20190111181033
ANZVI0803003249|VMTRANS|TR_ROAD_LOCALITY_G|20190413025650
ANZVI0803004320|LCSMAP|ANNO_TEXT_LOGICA|20070101000000
ANZVI0803005656|FORESTS|PAIM_RDB_CLASS|20180201000000
ANZVI0803002823|FORESTS|DECADE|20180201111206
ANZVI0803002318|FORESTS|DISTURB100|20180201111322
ANZVI0803001008|FORESTS|FCOV1000_1869|20180201111651
ANZVI0803001009|FORESTS|FCOV500_7287|20180201111707
ANZVI0803002968|CORPORATE|DSE100|20180217010324
ANZVI0803002932|CORPORATE|MAPINDEX100|20180217010431
ANZVI0803002933|CORPORATE|MAPINDEX250|20180217010448
ANZVI0803001052|CORPORATE|TILE100|20180217010552
ANZVI0803001053|CORPORATE|TILE25|20180217010619
ANZVI0803002141|CROWNLAND|APIARY|20181221010251
ANZVI0803002724|FORESTS|FIRE_SEV03|20180201111730
ANZVI0803002781|FORESTS|FIRE_SEV03BND|20180201111957
ANZVI0803002974|FORESTS|FIRE_SPOT03|20180201114551
ANZVI0803002451|FORESTS|FMA25|20180202121712
ANZVI0803002842|FORESTS|FMA500|20180202121727
ANZVI0803002608|FORESTS|FMZ100|20180814010113
ANZVI0803002076|FORESTS|FMZ_MAP100|20180927010233
ANZVI0803005587|FORESTS|FORMB100_BLOCK|20180201114740
ANZVI0803002723|FORESTS|FORMB25|20180201114908
ANZVI0803001088|FORESTS|FORTYPE500|20180202122038
ANZVI0803002784|FORESTS|GRAT_AMG_1K|20180201114936
ANZVI0803002860|FORESTS|GRAT_GEO66_1M|20180201114956
ANZVI0803002861|FORESTS|GRAT_GEO94_1M|20180201115015
ANZVI0803002857|FORESTS|GRAT_MGA_1K|20180201115045
ANZVI0803002858|FORESTS|GRAT_VG66_1K|20180201115114
ANZVI0803002859|FORESTS|GRAT_VG94_1K|20180201115142
ANZVI0803002055|FORESTS|GSTAGE100|20180202122557
ANZVI0803003023|FORESTS|GSTOCK25|20180202122642
ANZVI0803002833|FORESTS|HISTORIC100|20180202122659
ANZVI0803002521|FORESTS|LASTLOG25|20180522010200
ANZVI0803002850|FORESTS|MAPBASE_G200|20180201115421
ANZVI0803002950|FORESTS|MAPSQUARE100|20180201115436
ANZVI0803002831|FORESTS|MOG2003|20180201115549
ANZVI0803002058|FORESTS|OG100|20180202123114
ANZVI0803002320|FORESTS|OGMAP100|20180202123339
ANZVI0803002978|FORESTS|PLANT100|20180201120016
ANZVI0803003345|FORESTS|PLOTAREA25|20180201120056
ANZVI0803002969|FORESTS|PSZ25|20180201120146
ANZVI0803002830|FORESTS|RECREATION25|20180202123729
ANZVI0803002820|FORESTS|RELAGE|20180202124116
ANZVI0803002452|FORESTS|RFA25|20180201120518
ANZVI0803002977|FORESTS|RFDB_TRACK|20180201000000
ANZVI0803002737|FORESTS|SFRIBND100|20180201120808
ANZVI0803002800|FORESTS|SFRIBND25|20180202142821
ANZVI0803002801|FORESTS|SFRIBND500|20180201120832
ANZVI0803002434|FORESTS|SFRIPDATE|20180201122747
ANZVI0803002417|FORESTS|SFRIPHOTO|20180201122814
ANZVI0803003006|FORESTS|TILE50|20180202130407
ANZVI0803002854|FORESTS|TREE100_BASIC|20180201123404
ANZVI0803002853|FORESTS|TREE100_MIN|20180201123421
ANZVI0803002948|FORESTS|TREE100_TILED|20180201123701
ANZVI0803002852|FORESTS|TREE100_VIC|20180201123716
ANZVI0803002767|FORESTS|WATER100|20180201123819
ANZVI0803002508|MINERALS|ALTERN100_POLYGON|20180201163008
ANZVI0803003073|MINERALS|AMBIS_ADJ|20180201163024
ANZVI0803002328|MINERALS|BASINS|20180201163101
ANZVI0803003031|FIRE|BURNPLAN|20180201085309
ANZVI0803002163|FIRE|CFAINDEX500|20180201090054
ANZVI0803002554|FIRE|ELECEASE25|20180201090242
ANZVI0803002024|FIRE|EPAAQCR250|20180201110747
ANZVI0803002164|FIRE|ESMAP25|20180201090300
ANZVI0803003087|FIRE|FIRE100_YEAR|20180201090319
ANZVI0803003364|FIRE|FIREDIST100_REGION|20180201090507
ANZVI0803002553|FIRE|GASEASE25|20180201110832
ANZVI0803002166|FIRE|HVPADM250|20180201110848
ANZVI0803002560|FIRE|ICC250|20180201093457
ANZVI0803002561|FIRE|ICS250|20180201093542
ANZVI0803001025|FIRE|LANDPT|20180201093632
ANZVI0803002051|FIRE|LASTBURNT100|20180201111133
ANZVI0803002552|FIRE|OFFICE25|20180201111230
ANZVI0803003003|FIRE|PARKMZ100|20180201093924
ANZVI0803002026|FIRE|POLADM250|20180201094000
ANZVI0803002167|FIRE|PVADM250|20180201094019
ANZVI0803002550|FIRE|RECSITE100|20180201094121
ANZVI0803002559|FIRE|SMRC250|20180201111534
ANZVI0803002562|FIRE|SMRS250|20180201111637
ANZVI0803002028|FIRE|TFB250|20180201094138
ANZVI0803002030|FIRE|VRDREG250|20180201112829
ANZVI0803002169|FIRE|VRDTILE|20180201112846
ANZVI0803002170|FIRE|VRDTOWN|20180201112906
ANZVI0803002549|FIRE|WEATHSTN100|20180201094405
ANZVI0803002675|GA250|CONTOUR250|20070101000000
ANZVI0803002671|GA250|HYDRO250|20070101000000
ANZVI0803002672|GA250|HYDROP250|20070101000000
ANZVI0803002674|GA250|RAIL250|20070101000000
ANZVI0803002673|GA250|ROAD250|20070101000000
ANZVI0803003050|WATER|BU_LTER|20180201143530
ANZVI0803003051|WATER|BU_MTER|20180201143545
ANZVI0803003052|WATER|BU_UTER|20180201143601
ANZVI0803003053|WATER|BU_WTABLE|20180201143618
ANZVI0803002930|WATER|CLPR_BORE|20180201000000
ANZVI0803003054|WATER|DW_POINTS|20180201143823
ANZVI0803003711|WATER|FLXT_STAT1|20180201000000
ANZVI0803003092|WATER|FSR_CATCHMENTS|20180201091239
ANZVI0803002923|WATER|GMA|20180201000000
ANZVI0803002945|WATER|GMA_ZONE|20180201000000
ANZVI0803003055|WATER|GWB|20180201000000
ANZVI0803003056|WATER|GWR|20180201144104
ANZVI0803003049|WATER|IRRIGATION_DISTRICT|20180201000000
ANZVI0803002935|WATER|ISC_REACH|20180201000000
ANZVI0803003090|WATER|MONITORING_REGION|20180201144156
ANZVI0803002925|WATER|SDL_CATCH|20180201144306
ANZVI0803002920|WATER|SFMP|20180201000000
ANZVI0803002698|WATER|SW_MONITOR|20180201000000
ANZVI0803002924|WATER|WSPA|20180201000000
ANZVI0803003029|WATER|WSPA_ZONE|20180201000000
ANZVI0803003057|PUBLICLANDUSE|ANGAOTW_BND|20180201171458
ANZVI0803003058|PUBLICLANDUSE|ANGAOTW_RECS|20180201171513
ANZVI0803002693|PUBLICLANDUSE|BOXIRON_BND|20180201171527
ANZVI0803002694|PUBLICLANDUSE|BOXIRON_RECS|20180201171540
ANZVI0803002883|PUBLICLANDUSE|LCC500|20180201171558
ANZVI0803004109|PUBLICLANDUSE|VEACRECS25_POINT|20180201171922
ANZVI0803002943|PUBLICLANDUSE|VEACRECS25_POLYGON|20190309011836
ANZVI0803001031|PROVISIONAL|LOCN500|20180202114625
ANZVI0803003060|PROVISIONAL|TOWNS_SEAUS|20180202114745
ANZVI0803001071|PROVISIONAL|VIC100_ARC|20180202114759
ANZVI0803003001|PROVISIONAL|VM_HY_WATERCOURSE_MV_NPR20|20180202114812
ANZVI0803002622|MINERALS|ANASURV|20180201163045
ANZVI0803003385|MINERALS|CONMETA100_ARC|20180201164739
ANZVI0803002211|MINERALS|BORES|20190413044453
ANZVI0803002677|MINERALS|BORESG|20190413044629
ANZVI0803002509|MINERALS|CHERTH100_ARC|20180201164001
ANZVI0803002510|MINERALS|COAL100_POLYGON|20180201164053
ANZVI0803002728|MINERALS|COAL250_POLYGON|20180201164112
ANZVI0803002733|MINERALS|COAL_BDY|20180201164235
ANZVI0803002731|MINERALS|COAL_FLOOR|20180201164328
ANZVI0803002732|MINERALS|COAL_ISOPACH|20180201164422
ANZVI0803002730|MINERALS|COAL_RES|20180201164513
ANZVI0803002729|MINERALS|COAL_ROOF|20180201164646
ANZVI0803003384|MINERALS|CONMETA100_POLYGON|20180201164813
ANZVI0803003381|MINERALS|CONMETA250_ARC|20180201164831
ANZVI0803003380|MINERALS|CONMETA250_POLYGON|20180201164849
ANZVI0803003368|MINERALS|DEEPLD100_ARC|20180201164912
ANZVI0803003367|MINERALS|DEEPLD100_POLYGON|20180201164931
ANZVI0803002727|MINERALS|DEEPLD250_POLYGON|20180201164948
ANZVI0803002555|MINERALS|DIGSURV|20180201165011
ANZVI0803002235|MINERALS|DLA|20180201165030
ANZVI0803002236|MINERALS|DLL|20180201165052
ANZVI0803002815|MINERALS|DURI100_POLYGON|20180201165111
ANZVI0803002216|MINERALS|EIIA|20180201165152
ANZVI0803002193|MINERALS|EL|20190416040139
ANZVI0803002242|MINERALS|ELHIST|20190416040207
ANZVI0803002198|MINERALS|EWA|20190416040316
ANZVI0803002330|MINERALS|EWAHST|20190416040339
ANZVI0803002331|MINERALS|EXC|20180201165629
ANZVI0803002512|MINERALS|FACIES100_POLYGON|20180201165648
ANZVI0803002226|MINERALS|FACILITY|20180201165706
ANZVI0803005572|MINERALS|FLTROCK100_POLYGON|20180201165722
ANZVI0803002424|MINERALS|FOSSILS|20190413044752
ANZVI0803002548|MINERALS|GCHEM|20180201171326
ANZVI0803003383|MINERALS|GEOL100_ARC|20180201172043
ANZVI0803003382|MINERALS|GEOL100_POLYGON|20180201172531
ANZVI0803003377|MINERALS|GEOL1M_ARC|20180201172606
ANZVI0803003376|MINERALS|GEOL1M_POLYGON|20180201172641
ANZVI0803003375|MINERALS|GEOL4M_POLYGON|20180201172912
ANZVI0803003061|MINERALS|GERAR|20180430000000
ANZVI0803002651|MINERALS|GEXCURS|20190413044955
ANZVI0803002428|MINERALS|GMLHST|20180201173113
ANZVI0803002513|MINERALS|GOLDFLD100_POLYGON|20180201173131
ANZVI0803003434|MINERALS|GPBASIN500_ARC|20180201173206
ANZVI0803003424|MINERALS|GPCONMETA100_ARC|20180201173224
ANZVI0803002669|MINERALS|GPMISCL100|20180201173952
ANZVI0803002742|MINERALS|GPMISCL250|20180201174017
ANZVI0803002573|MINERALS|GPSGEOL1100_POLYGON|20180201174201
ANZVI0803002574|MINERALS|GPSTRLINE100|20180201174325
ANZVI0803002744|MINERALS|GPSTRLINE250|20180201174345
ANZVI0803002369|MINERALS|GRAT100KM|20180201174401
ANZVI0803002370|MINERALS|GRAT10KM|20180201174419
ANZVI0803002371|MINERALS|GRAT1KM|20180201174802
ANZVI0803002332|MINERALS|GRATMIN|20180201174821
ANZVI0803002348|MINERALS|GRATMINA|20180201174848
ANZVI0803002240|MINERALS|GRAVITY|20180201175025
ANZVI0803002834|MINERALS|GSTRUCZN1M|20180201175041
ANZVI0803002227|MINERALS|GSVMI|20190316040720
ANZVI0803002350|MINERALS|HERITAGE|20180201175151
ANZVI0803002843|MINERALS|INDEX1M|20180201175324
ANZVI0803002203|MINERALS|INSPECT|20190414040404
ANZVI0803002334|MINERALS|LANDVIC|20180201175400
ANZVI0803002973|MINERALS|MG94100KM|20180201175450
ANZVI0803002975|MINERALS|MG9410KM|20180201175507
ANZVI0803002976|MINERALS|MG941KM|20180201175939
ANZVI0803002575|MINERALS|MILHST|20180201180006
ANZVI0803002195|MINERALS|MIN|20190416040419
ANZVI0803002735|MINERALS|MINERAL|20180201180059
ANZVI0803002239|MINERALS|MINERALP|20180201180122
ANZVI0803002352|MINERALS|MINHST|20190416040444
ANZVI0803002225|MINERALS|MINSITE|20190413045034
ANZVI0803002840|MINERALS|MINTEN|20190416040529
ANZVI0803002515|MINERALS|MISCL100|20180201180608
ANZVI0803002725|MINERALS|MISCL250|20180201180624
ANZVI0803002200|MINERALS|MP|20190416040552
ANZVI0803002337|MINERALS|NOGO|20180201180850
ANZVI0803002436|MINERALS|NUGGET|20180201180910
ANZVI0803002448|MINERALS|OILGAS|20181127040626
ANZVI0803002231|MINERALS|OUTCROP|20190413045152
ANZVI0803002232|MINERALS|PETPHYS|20190413045238
ANZVI0803002201|MINERALS|PETROL|20190416040703
ANZVI0803002338|MINERALS|PETROLPRO|20190416040715
ANZVI0803002776|MINERALS|PET_WELLS|20190416040733
ANZVI0803002199|MINERALS|PIPELINE|20190416040752
ANZVI0803003127|VMVEG|TREE_DENSITY|20190112081356
ANZVI0803003299|VMPROP|V_PROPERTY_MP|20190412201751
ANZVI0803002721|CATCHMENTS|IPMS|20190413010225
ANZVI0803001032|CATCHMENTS|LSYS100|20180201203332
ANZVI0803002197|CATCHMENTS|SOILSAL25_POLYGON|20180202112622
ANZVI0803003298|VMPROP|V_PARCEL_MP|20190412195358
ANZVI0803003293|VMFEAT|GEO_AREA_HYDRO_LABEL|20190107125620
ANZVI0803003308|VMFEAT|GEO_AREA_RELIEF_LABEL|20190107125623
ANZVI0803003324|VMPROP|V_PROPERTY_MP_ADDRESS|20190412201751
ANZVI0803003084|MINERALS|BORESTEMP|20190413044655
ANZVI0803003279|MINERALS|GERTEN|20190416040356
ANZVI0803002599|MINERALS|TLHST|20180201194356
ANZVI0803003396|MINERALS|RDREGO100_ARC|20180201182220
ANZVI0803003395|MINERALS|RDREGO100_POLYGON|20180201182238
ANZVI0803002390|MINERALS|REGNTCREG|20190220040819
ANZVI0803002341|MINERALS|RES|20180201182509
ANZVI0803002598|MINERALS|REGOLPT|20180201182443
ANZVI0803002224|MINERALS|SHAFT|20190416044506
ANZVI0803002229|MINERALS|SIGFEAT|20190413045634
ANZVI0803002230|MINERALS|SITES|20190413050036
ANZVI0803002234|MINERALS|STRUC|20190413050153
ANZVI0803002233|MINERALS|ROCKS|20190413045545
ANZVI0803003390|MINERALS|RRDURI100_ARC|20180201183112
ANZVI0803003389|MINERALS|RRDURI100_POLYGON|20180201183129
ANZVI0803003392|MINERALS|RRRADSIG100_ARC|20180201183147
ANZVI0803003391|MINERALS|RRRADSIG100_POLYGON|20180201183204
ANZVI0803003394|MINERALS|RRREGO100_ARC|20180201183226
ANZVI0803003393|MINERALS|RRREGO100_POLYGON|20180201000000
ANZVI0803002954|MINERALS|SEISMIC3D|20180201183356
ANZVI0803002766|MINERALS|SEISMIC_ARC|20190416040929
ANZVI0803002765|MINERALS|SEISMIC_POINT|20190416044442
ANZVI0803002635|MINERALS|SPRINGS|20180201193703
ANZVI0803002524|MINERALS|STRLINE100|20180201193815
ANZVI0803002520|MINERALS|STRLINE1M|20180201193832
ANZVI0803002523|MINERALS|STRLINE250|20180201193850
ANZVI0803002970|MINERALS|XSEC_SEIS|20180201194529
ANZVI0803002972|MINERALS|XSEC_WELL|20180201194544
ANZVI0803003252|FORESTS|AGCLEAR100|20180201111048
ANZVI0803003335|FORESTS|FIRE_SEV05|20180201112015
ANZVI0803003133|FORESTS|FIRE_SEV06|20180201112031
ANZVI0803003342|FORESTS|FIRE_SEV07AP|20180201112120
ANZVI0803003343|FORESTS|FIRE_SEV07TM|20180201114344
ANZVI0803003208|FORESTS|FIRE_SEV98|20180202121633
ANZVI0803003209|FORESTS|FIRE_SEV99|20180202121649
ANZVI0803003344|FORESTS|PLOTRC25|20180201120117
ANZVI0803003097|FORESTS|RAINFOR100_CH|20180202123651
ANZVI0803002171|FORESTS|SVEG100|20180201123342
ANZVI0803003350|MINERALS|BORES_V_PUBLIC|20180201163905
ANZVI0803003351|MINERALS|PET_WELLS_V_PUBLIC|20180201181252
ANZVI0803003370|MINERALS|SHALLD100_ARC|20180201193005
ANZVI0803003369|MINERALS|SHALLD100_POLYGON|20180201193022
ANZVI0803003372|MINERALS|SHALWK100_ARC|20180201193049
ANZVI0803003371|MINERALS|SHALWK100_POLYGON|20180201193113
ANZVI0803003327|MINERALS|GU_BDY|20180201175135
ANZVI0803001065|FLORAFAUNA1|WETLAND_1788|20180201171110
ANZVI0803002863|CATCHMENTS|GMU250|20181128010156
ANZVI0803003518|VMLITE|VMLITE_BUILT_UP_AREA|20190405200030
ANZVI0803003523|VMLITE|VMLITE_DSE_REGION|20190405200033
ANZVI0803003526|VMLITE|VMLITE_FOREST_SU2|20190405200035
ANZVI0803003527|VMLITE|VMLITE_FOREST_SU3|20190405200038
ANZVI0803003528|VMLITE|VMLITE_FOREST_SU5|20190405200040
ANZVI0803003532|VMLITE|VMLITE_GEO_AREA_LABEL|20190405200043
ANZVI0803003533|VMLITE|VMLITE_GEO_POINT_LABEL|20190405200045
ANZVI0803003512|VMLITE|VMLITE_HY_WATERCOURSE|20190405200048
ANZVI0803003513|VMLITE|VMLITE_HY_WATER_AREA|20190405200050
ANZVI0803003519|VMLITE|VMLITE_LGA|20190405200053
ANZVI0803003531|VMLITE|VMLITE_LOCALITY|20190405200055
ANZVI0803003520|VMLITE|VMLITE_LOCALITY_POLYGON|20190405200058
ANZVI0803003521|VMLITE|VMLITE_POSTCODE_POLYGON|20190405200100
ANZVI0803003529|VMLITE|VMLITE_PUBLIC_LAND_SU3|20190405200103
ANZVI0803003530|VMLITE|VMLITE_PUBLIC_LAND_SU5|20190405200105
ANZVI0803003511|VMLITE|VMLITE_TR_AIRPORT|20190405200108
ANZVI0803003508|VMLITE|VMLITE_TR_RAIL|20190405200111
ANZVI0803003510|VMLITE|VMLITE_TR_RAIL_STATION|20190405200113
ANZVI0803003524|VMLITE|VMLITE_TR_ROAD|20190405200116
ANZVI0803003522|VMLITE|VMLITE_VICGOV_REGION|20190405200118
ANZVI0803003516|VMLITE|VMLITE_VICTORIA_LINE_SU2|20190405200121
ANZVI0803003517|VMLITE|VMLITE_VICTORIA_LINE_SU5|20190405200123
ANZVI0803003514|VMLITE|VMLITE_VICTORIA_POLYGON_SU2|20190405200125
ANZVI0803003515|VMLITE|VMLITE_VICTORIA_POLYGON_SU5|20190405200128
ANZVI0803003546|CULTURE|ACHP_SURVEYS|20181219000000
ANZVI0803003597|CULTURE|RAP|20190327081238
ANZVI0803003447|CULTURE|SENSITIVITY|20190307142714
ANZVI0803003598|CULTURE|VICGOV_AAV_REGIONS|20181219000000
ANZVI0803002072|FLORAFAUNA1|HIST100_POINT|20180201160522
ANZVI0803003404|FLORAFAUNA1|NV2005_EXTENT|20180202011008
ANZVI0803001064|FLORAFAUNA1|WETLAND500|20180201155908
ANZVI0803002533|FLORAFAUNA2|EVC_BND25|20080214000000
ANZVI0803002534|FLORAFAUNA2|EVC_SRC25|20080214000000
ANZVI0803003564|CULTURE|ACHP_FIRESENS|20190305010059
ANZVI0803003494|FLORAFAUNA1|NV1750_EVC|20180201183543
ANZVI0803003496|FLORAFAUNA1|NV1750_EVCBCS|20180202102827
ANZVI0803003495|FLORAFAUNA1|NV2005_EVCBCS|20180201165903
ANZVI0803001098|FLORAFAUNA2|LFW100|20180201000000
ANZVI0803001040|FLORAFAUNA1|RAINFOR100|20180201170843
ANZVI0803004116|PROVISIONAL|BOATFAC25_ARC|20180202114433
ANZVI0803003590|VMADMIN|WARD_2008|20190111181044
ANZVI0803001100|PUBLICLANDUSE|LCC500_1989|20180201171613
ANZVI0803003099|PUBLICLANDUSE|RIVER_RED_GUM_BND|20180201171647
ANZVI0803003600|VMFEAT|LOCALITY_POINT|20190323025841
ANZVI0803003607|LANDINFO|VMELEV_COAST_INDEX|20150312000000
ANZVI0803003606|VMADMIN|LEGISLATION_LEGHOLD_TRAP|20190412190952
ANZVI0803003602|FLORAFAUNA1|SHOREBIRD_SITES|20180201170946
ANZVI0803003433|FIRE|BURNPLAN08|20180201085330
ANZVI0803003586|FIRE|BURNPLAN09|20180201085351
ANZVI0803005279|FIRE|LF_DISTRICT|20180201111153
ANZVI0803002394|FORESTS|LOG_SEASON|20180202122824
ANZVI0803003062|VMADMIN|WARD_2005|20190111181042
ANZVI0803003644|VMFEAT|FOI_INDEX_CENTROID|20190413024907
ANZVI0803003645|VMFEAT|FOI_INDEX_EXTENT|20190413025002
ANZVI0803003642|VMFEAT|FOI_POLYGON|20190413025054
ANZVI0803003679|FORESTS|FIRE_SEV09_GROUNDPLOTS|20180202121409
ANZVI0803003677|FORESTS|FIRE_SEV09_POLY|20180202121617
ANZVI0803004237|FORESTS|TRP|20180201123743
ANZVI0803003690|FORESTS|SFRIMAP_2007|20180201122651
ANZVI0803003439|FORESTS|FIRE_SEV07SP|20180201113459
ANZVI0803003446|FORESTS|PNF100|20180202123633
ANZVI0803002031|FORESTS|TCH100_9093|20180202000000
ANZVI0803002040|FORESTS|TCH100_9095|20180202130352
ANZVI0803001075|FORESTS|TREE100|20180202141059
ANZVI0803003666|FIRE|BURNPLAN10|20180201085412
ANZVI0803003639|FIRE|PAFAA_ROADS|20180201000000
ANZVI0803003638|FIRE|PAFAA_SITES|20180201000000
ANZVI0803003665|FIRE|WORKCENTRES|20180201094422
ANZVI0803002206|CATCHMENTS|SOILSAL25_ARC|20180202112539
ANZVI0803002015|MARINE1|DEPTH250_ARC|20180123092220
ANZVI0803003388|FORESTSROADS|RDB_CATEGORY|20190103135717
ANZVI0803003397|FORESTSROADS|RDB_CLASS|20190103124626
ANZVI0803003400|FORESTSROADS|RDB_CONDITION|20190104010409
ANZVI0803003403|FORESTSROADS|RDB_CROSSINGS|20180201000000
ANZVI0803003398|FORESTSROADS|RDB_SURFACE|20180717000000
ANZVI0803002812|MARINE1|CE_BASS_STRAIT_1998|20180123123755
ANZVI0803002807|MARINE1|CE_CORNER_INLET_1998|20180123123823
ANZVI0803002811|MARINE1|CE_GIPPSLAND_LAKES_1998|20180123124007
ANZVI0803002804|MARINE1|CE_PORT_PHILLIP_BAY_1998|20180123124107
ANZVI0803002805|MARINE1|CE_ROCK_LOBSTER_2001|20180123124218
ANZVI0803002806|MARINE1|CE_WESTERN_PORT_1998|20180123124232
ANZVI0803003703|WATER|ESTUARIES|20180201000000
ANZVI0803003704|WATER|EST_CATCH|20180201085456
ANZVI0803003705|WATER|EST_FLUV|20180201085516
ANZVI0803003945|CATCHMENTS|BIOLINK500|20180201150949
ANZVI0803003944|CATCHMENTS|FLAGSHIP500|20180201151109
ANZVI0803001047|VMADMIN|SHIRE500_1994|20190111181019
ANZVI0803003098|FLORAFAUNA1|RFSOS100|20180201170931
ANZVI0803003647|FORESTS|MOG100_2007EG|20180201115458
ANZVI0803003648|FORESTS|MOGMAP_2007EG|20180202122920
ANZVI0803003698|FORESTS|MOG2009|20180201115636
ANZVI0803003030|CORPORATE|MELWAY35_INDEX|20180217010526
ANZVI0803004314|CROWNLAND|PLM100_V_MMT_REFERENCE_AREAS|20180201155146
ANZVI0803004110|FIRE|TPP_EXTENTS|20180201000000
ANZVI0803004098|FORESTS|WORKING_FOREST_AREAS|20190125112844
ANZVI0803004125|VMTRANS|TR_ROAD_FWD_CLASS|20190223054740
ANZVI0803002795|FIRE|AIRFIELDS|20180201085051
ANZVI0803002796|FIRE|HELIPADS|20180201093438
ANZVI0803004132|FIRE|L3ICC_FOOTPRINTS|20180201110908
ANZVI0803004133|FIRE|L3ICC_FOOTPRINTS_BUFFER|20180202144542
ANZVI0803004146|FIRE|PERMANENT_FUEL_BREAK_AREA|20180201093943
ANZVI0803004147|FIRE|PERMANENT_FUEL_BREAK_LINE|20180201111251
ANZVI0803004113|FIRE|PV_DISTRICT_BRANCH|20180201111407
ANZVI0803004114|FIRE|PV_DIVISION_REGION|20180201111425
ANZVI0803002791|FIRE|WATERPOINTS|20180201094323
ANZVI0803004129|FLORAFAUNA1|GRID_10M|20180201160504
ANZVI0803004131|FLORAFAUNA1|GRID_1M|20180202010440
ANZVI0803004130|FLORAFAUNA1|GRID_5M|20180202010748
ANZVI0803004038|MARINE1|AMB_COASTAL_WATERS_ARC|20180123123256
ANZVI0803004018|MARINE1|BATHYMETRY_BASS_STRAIT_ARC|20180123123419
ANZVI0803004017|MARINE1|BATHYMETRY_BASS_STRAIT_POLY|20180123123447
ANZVI0803004013|MARINE1|BATHYMETRY_CORNER_INLET_ARC|20180123123501
ANZVI0803004016|MARINE1|BATHYMETRY_CORNER_INLET_POLY|20180123123518
ANZVI0803004014|MARINE1|BATHYMETRY_GIPPSLAND_LAKES_ARC|20180123123534
ANZVI0803004021|MARINE1|BATHYMETRY_MALLACOOTA_ARC|20180123123549
ANZVI0803004025|MARINE1|BATHYMETRY_PORT_PHILLIP_ARC|20180123123608
ANZVI0803004033|MARINE1|BATHYMETRY_WESTERN_PORT_ARC|20180123123627
ANZVI0803004100|MARINE1|SEAGRASS_ANDERSON_INLET_1999|20180123124354
ANZVI0803004101|MARINE1|SEAGRASS_CORNER_INLET_1998|20180123124420
ANZVI0803004102|MARINE1|SEAGRASS_GIPPSLAND_LAKES_1997|20180123124439
ANZVI0803004103|MARINE1|SEAGRASS_MALLACOOTA_INLET_1999|20180123124454
ANZVI0803004034|MARINE1|SEAGRASS_PORT_PHILLIP_BAY_2000|20180123124517
ANZVI0803004104|MARINE1|SEAGRASS_SHALLOW_INLET_1999|20180123124532
ANZVI0803004105|MARINE1|SEAGRASS_SYDENHAM_INLET_1999|20180123124546
ANZVI0803004106|MARINE1|SEAGRASS_TAMBOON_INLET_1999|20180123124601
ANZVI0803004057|MARINE1|SEAGRASS_WESTERN_PORT_1994|20180123124617
ANZVI0803004056|MARINE1|SEAGRASS_WESTERN_PORT_1999|20180123124635
ANZVI0803004107|MARINE1|SEAGRASS_WINGAN_INLET_1999|20180123124649
ANZVI0803003718|CROWNLAND|APIARY_BUFF|20181221010406
ANZVI0803004166|FLORAFAUNA1|IBRA_61|20180201160831
ANZVI0803004148|FIRE|BURNPLAN11|20180201110151
ANZVI0803004176|FIRE|CFA_DISTRICTS|20180201090115
ANZVI0803004175|FIRE|CFA_REGIONS|20180201090217
ANZVI0803004160|FLORAFAUNA1|VBA_FAUNA100|20180302010132
ANZVI0803004163|FLORAFAUNA1|VBA_FLORA25|20180302014553
ANZVI0803004165|FLORAFAUNA2|VBA_FAUNA_RESTRICTED|20180302000000
ANZVI0803004164|FLORAFAUNA2|VBA_FLORA_RESTRICTED|20180302000000
ANZVI0803004161|FLORAFAUNA1|VBA_FAUNA25|20180302012103
ANZVI0803004162|FLORAFAUNA1|VBA_FLORA100|20180302013505
ANZVI0803004206|FIRE|CFA_TFB|20180201110730
ANZVI0803003978|CROWNLAND|PLM25|20190123010125
ANZVI0803004213|CROWNLAND|PLMGEN|20190123010432
ANZVI0803004214|FLORAFAUNA2|EVC2010_PPB_RAMSAR|20180201000000
ANZVI0803003038|UDP|BH2006|20150527104233
ANZVI0803003332|UDP|BH2006_ESTATES|20150527104236
ANZVI0803003500|UDP|BH2007|20150527104238
ANZVI0803003501|UDP|BH2007_ESTATES|20150527104240
ANZVI0803003610|UDP|BH2008|20150527104242
ANZVI0803003616|UDP|BH2008_ESTATES|20150527104245
ANZVI0803003809|UDP|BH2009|20150527104247
ANZVI0803003810|UDP|BH2009_ESTATES|20150527104249
ANZVI0803003328|UDP|IND2006|20150527104536
ANZVI0803003329|UDP|IND2006_NODES|20150527104539
ANZVI0803003330|UDP|IND2006_PROPOSED_AREAS|20150527104541
ANZVI0803003502|UDP|IND2007|20150527104544
ANZVI0803003503|UDP|IND2007_NODES|20150527104546
ANZVI0803003504|UDP|IND2007_PROPOSED_AREAS|20150527104549
ANZVI0803003615|UDP|IND2008|20150527104552
ANZVI0803003614|UDP|IND2008_NODES|20150527104554
ANZVI0803003613|UDP|IND2008_PROPOSED_AREAS|20150527104557
ANZVI0803003837|UDP|IND2009|20150527104601
ANZVI0803003838|UDP|IND2009_NODES|20150527104603
ANZVI0803003839|UDP|IND2009_PROPOSED_AREAS|20150527104605
ANZVI0803004203|UDP|MAJOR_INFILL2009|20150527104625
ANZVI0803004205|UDP|MINOR_INFILL_SUPPLY2009|20150527104631
ANZVI0803003331|UDP|MRS2006|20150527104633
ANZVI0803003505|UDP|MRS2007|20150527104635
ANZVI0803003612|UDP|MRS2008|20150527104637
ANZVI0803003840|UDP|MRS2009|20150527104640
ANZVI0803003630|FLOOD|EXTENT_100Y_ARI|20180202121240
ANZVI0803004294|UDP|BH2010|20150527104252
ANZVI0803004295|UDP|BH2010_ESTATES|20150527104254
ANZVI0803004296|UDP|IND2010|20150527104608
ANZVI0803004297|UDP|IND2010_NODES|20150527104611
ANZVI0803004298|UDP|IND2010_PROPOSED_AREAS|20150527000000
ANZVI0803004299|UDP|MRS2010|20150527104642
ANZVI0803003987|CATCHMENTS|VIF_BIODIVERSITY500|20180202112641
ANZVI0803003964|CATCHMENTS|VIF_LANDHEALTH500|20180202112657
ANZVI0803003982|CATCHMENTS|VIF_RIVERHEALTH_EW100|20180202112712
ANZVI0803003984|CATCHMENTS|VIF_RIVERHEALTH_EWWFA100|20180202112726
ANZVI0803003983|CATCHMENTS|VIF_RIVERHEALTH_LSRR100|20180202112741
ANZVI0803003980|CATCHMENTS|VIF_RIVERHEALTH_PRI100|20180202112757
ANZVI0803003981|CATCHMENTS|VIF_SIP500|20180202112813
ANZVI0803003440|VMADMIN|DSE_REGION|20190111180957
ANZVI0803002594|SMES3|MAP_POINT|
ANZVI0803004311|FLOOD|FLOODWAY|20180202122311
ANZVI0803004313|CROWNLAND|PLM100_V_MMT_HERITAGE_RIVER|20180201155103
ANZVI0803004315|CROWNLAND|PLM100_V_MMT_NATRL_CATCHMENT|20180201155127
ANZVI0803004617|CROWNLAND|PLM100_V_MMT_REMOTE_NATURAL|20180201155208
ANZVI0803004316|CROWNLAND|PLM100_V_MMT_WILDERNESS_ZONE|20180201155232
ANZVI0803004324|FLORAFAUNA2|VBA_FAUNA_THREATENED|20180302020525
ANZVI0803004325|FLORAFAUNA2|VBA_FLORA_THREATENED|20180302020954
ANZVI0803004337|FLORAFAUNA2|ABC_HP_ADHOC|20180201143500
ANZVI0803004336|FLORAFAUNA2|ABC_HP_PLM100|20180201143507
ANZVI0803004266|CATCHMENTS|LANDCARE_GROUP|20180509010102
ANZVI0803004265|CATCHMENTS|LANDCARE_NETWORK|20180202010413
ANZVI0803003709|FLOOD|EXTENT_10Y_ARI|20180202121501
ANZVI0803004457|FORESTS|EG_GIANT_TREES|20180201111544
ANZVI0803004454|FORESTS|EG_SCENIC_DRIVE_NETWORK|20180201111559
ANZVI0803004455|FORESTS|EG_SENSITIVE_RIDGELINES|20180201111616
ANZVI0803004456|FORESTS|EG_SENSITIVE_VIEW_AREAS|20180201111635
ANZVI0803004318|FIRE|BURNPLAN12|20180201085508
ANZVI0803004458|FORESTS|EG_ALPINE_HUT_SURVEY|20180201111529
ANZVI0803004459|FIRE|FIREFMZ|20180202143623
ANZVI0803004552|FIRE|BURNPLAN12_WORKS_LN|20180201085536
ANZVI0803002894|VMINDEX|FR_FRAMEWORK_AREA_LINE|20190126052926
ANZVI0803002895|VMINDEX|FR_FRAMEWORK_AREA_POLYGON|20190126052939
ANZVI0803004580|VMINDEX|VICMAP_MAPINDEX_100D|20190112081005
ANZVI0803004575|VMINDEX|VICMAP_MAPINDEX_25D|20190112081008
ANZVI0803004574|VMINDEX|VICMAP_MAPINDEX_25S|20190112081010
ANZVI0803004577|VMINDEX|VICMAP_MAPINDEX_30DA3|20190112081012
ANZVI0803004576|VMINDEX|VICMAP_MAPINDEX_30SA4|20190112081015
ANZVI0803004579|VMINDEX|VICMAP_MAPINDEX_50D|20190112081017
ANZVI0803004578|VMINDEX|VICMAP_MAPINDEX_50S|20190112081019
ANZVI0803004581|VMINDEX|VICMAP_MAPINDEX_SPECIAL|20190112081022
ANZVI0803004202|MARINE1|VIC_AUSCSTGEO_SHORELINE_SEG|20180123094254
ANZVI0803003643|VMFEAT|FOI_LINE|20190107125540
ANZVI0803003636|VMFEAT|FOI_POINT|20190413025031
ANZVI0803004668|VMPROP|ROAD_CASEMENT_POLYGON|20190412202337
ANZVI0803004468|CATCHMENTS|ASSET_MARINE|20180201150909
ANZVI0803004462|CATCHMENTS|ASSET_PV_LOP|20180202010053
ANZVI0803004463|CATCHMENTS|ASSET_PV_LOS|20180202010115
ANZVI0803004555|CATCHMENTS|ASSET_PRIORITY_RIVERS_2008|20180202010031
ANZVI0803004618|FLORAFAUNA1|NV2011_TS_GA|20180201170826
ANZVI0803004649|VMADMIN|AD_VICGOV_REGION|20190413024818
ANZVI0803004662|FIRE|FIRE_INST|20190213010105
ANZVI0803004271|MARINE1|MARINE_HABITAT_VIDEO_DATABASE|20180123092649
ANZVI0803004068|MARINE1|MARINE_HAB_SURVEYS_1996_2008|20180123124340
ANZVI0803004651|MARINE1|SEAGRASS_PPB_9REGIONS_APRIL08|20180123093717
ANZVI0803004663|MARINE1|SEAGRASS_PPB_9REGIONS_APRIL09|20180123093758
ANZVI0803004688|VMPROP|PARCEL_CROWN_APPROVED|20190412194323
ANZVI0803004697|FORESTS|FOREST_PARK_ACTIVE_RESEARCH|20180202121742
ANZVI0803004698|FORESTS|GIPPS_APIARY_ZONES_2012|20180202122055
ANZVI0803004326|FLORAFAUNA1|VBA_TAXA_LIST|20180302020341
ANZVI0803004707|PUBLICLANDUSE|VEAC_METRO_OPEN_SPACE|20180201171936
ANZVI0803004770|FIRE|BURNPLAN13|20180201085643
ANZVI0803004563|FORESTS|DFW_POLY|20190402010058
ANZVI0803004754|VMVEG|PLANTATION|20190112081350
ANZVI0803004720|VMADMIN|WARD_2012|20190111181047
ANZVI0803004743|COASTS|COAST_PROTECTION_STRUCT_LINE|20180717010340
ANZVI0803004304|FIRE|MFB_DISTRICTS|20180201093715
ANZVI0803004305|FIRE|MFB_FIRE_STATIONS|20180201093733
ANZVI0803004306|FIRE|MFB_LEGISLATED_BOUNDARY|20180201093750
ANZVI0803004303|FIRE|MFB_REGIONS|20180201093806
ANZVI0803004669|UDP|BH2011|20150527104257
ANZVI0803004674|UDP|BH2011_ESTATES|20150527104300
ANZVI0803004673|UDP|IND2011|20150527104617
ANZVI0803004672|UDP|IND2011_NODES|20150527104620
ANZVI0803004671|UDP|IND2011_PROPOSED_AREAS|20150527104623
ANZVI0803004670|UDP|MRS2011|20150527104645
ANZVI0803004726|COASTS|SLR00CM_2009|20180202120440
ANZVI0803004727|COASTS|SLR00CM_ST_2009|20180202133951
ANZVI0803004728|COASTS|SLR20CM_2040|20180202120511
ANZVI0803004731|COASTS|SLR20CM_ST_2040|20180202120544
ANZVI0803004729|COASTS|SLR47CM_2070|20180202134141
ANZVI0803004732|COASTS|SLR47CM_ST_2070|20180202120620
ANZVI0803004730|COASTS|SLR82CM_2100|20180202134243
ANZVI0803004733|COASTS|SLR82CM_ST_2100|20180202120702
ANZVI0803004664|MARINE1|SEAGRASS_PPB_9REGIONS_APRIL10|20180123093829
ANZVI0803004665|MARINE1|SEAGRASS_PPB_9REGIONS_APRIL11|20180123093859
ANZVI0803004192|WATER|GW_SITES|20180201000000
ANZVI0803004758|VMADMIN|CFA_DISTRICT|20190111180945
ANZVI0803004759|VMADMIN|CFA_REGION|20190122102910
ANZVI0803004761|VMADMIN|CFA_TFB_DISTRICT|20190111180950
ANZVI0803004741|FIRE|FIRE_HISTORY|20181201010603
ANZVI0803004774|FIRE|FIRE_HISTORY_LASTBURNT|20181201011001
ANZVI0803004771|UDP|MAJOR_INFILL2011|20150527104628
ANZVI0803004776|VMADMIN|NEIGHBOURHOOD_PSV|20190111181011
ANZVI0803004772|MARINE1|MARINE_ASSETS|20180123124316
ANZVI0803004739|FORESTRY|WUP_CURRENT_FINAL_2012|20180202115136
ANZVI0803004853|VMADMIN|MFB_DISTRICT|20190111181006
ANZVI0803004854|VMADMIN|MFB_REGION|20190111181009
ANZVI0803004753|COASTS|BOATING_AREA_PRECINCTS|20180202120252
ANZVI0803999001|COASTS|COASTAL_PLANS_ACTION|20180202120320
ANZVI0803004815|COASTS|COASTAL_PLANS_ADDITIONAL|20180202120336
ANZVI0803004751|COASTS|COASTAL_PLANS_OTHER|20181204010233
ANZVI0803004745|COASTS|VIC_COASTLINE_2008|20180202120807
ANZVI0803004883|CROWNLAND|PARKRES|20190117010102
ANZVI0803004907|VMTRANS|TR_ROAD_ALL|20190413025434
ANZVI0803004908|VMTRANS|TR_ROAD_PAPER|20190112081346
ANZVI0803004909|VMTRANS|TR_ROAD_INFRASTRUCTURE_ALL|20190413025554
ANZVI0803004899|FLORAFAUNA1|MSA_BCS_CONS_AREA|20181020010226
ANZVI0803004900|FLORAFAUNA1|MSA_BCS_EXTENT|20180201160939
ANZVI0803002595|VMTRANS|TR_ROAD|20190413025342
ANZVI0803002444|VMTRANS|TR_ROAD_INFRASTRUCTURE|20190413025524
ANZVI0803004126|VMTRANS|V_TR_ROAD_FWD|20190413025342
ANZVI0803004974|FLORAFAUNA1|MSA_BCS_HAB_COMP|20180201161010
ANZVI0803004903|FLORAFAUNA1|MSA_BCS_SRS_GGF|20180202010937
ANZVI0803004987|FIRE|BURNPLAN13_WORKS_LN|20180201085715
ANZVI0803004218|FLORAFAUNA1|RAMSAR25|20190313010244
ANZVI0803005002|WATER|AQUIFER_SAL_BASAL|20181221010911
ANZVI0803005001|WATER|AQUIFER_SAL_BED|20181221010924
ANZVI0803005003|WATER|AQUIFER_SAL_SHALLOW|20181221010937
ANZVI0803004904|WATER|BFI_UNREG_RIVERS_1889_2012|20180201000000
ANZVI0803004996|WATER|BORES_BED_FA|20180201085112
ANZVI0803004995|WATER|BORES_BSE_ALL|20180201085130
ANZVI0803004997|WATER|BORES_SED_FA|20180201085150
ANZVI0803004998|WATER|BORES_VOLC_FA|20180201085210
ANZVI0803005775|WATER|EWSP|20181129000000
ANZVI0803005017|WATER|FAULTS_GOLDEN_BEACH_FM|20180201091101
ANZVI0803005014|WATER|FAULTS_LATROBE_GP|20180201091117
ANZVI0803005021|WATER|FAULTS_NWMURRAY_BASIN|20180201091132
ANZVI0803005013|WATER|FAULTS_STRZELECKI_GP|20180201091147
ANZVI0803005009|WATER|FAULTS_WANGERRIP_GP|20180201091203
ANZVI0803004924|WATER|FLOWS_RIVER_REACHES|20180201091221
ANZVI0803004913|WATER|GC|20180201091314
ANZVI0803005041|WATER|GEOL_BASINS|20180201092953
ANZVI0803005022|WATER|GEOL_BSE_PERMIAN|20180201093010
ANZVI0803005024|WATER|GEOL_SED_GOULBURN_MURRAY|20180201093027
ANZVI0803005023|WATER|GEOL_STRUCT_GOULBURN_MURRAY|20180201093044
ANZVI0803005025|WATER|GEOL_STRUCT_OVENS_VALLEY|20180201093103
ANZVI0803004914|WATER|GMB|20180201093121
ANZVI0803004933|WATER|GW_BORES_CL|20180201093145
ANZVI0803005008|WATER|GW_FLOW_IMPACT_STRUCT|20180201093206
ANZVI0803005043|WATER|GW_SW_INTERACTION_FLUX|20180201093524
ANZVI0803005006|WATER|LINEAMENTS_GRAVITY|20180201130922
ANZVI0803005005|WATER|LINEAMENTS_RADIO|20180201130938
ANZVI0803005007|WATER|LINEAMENTS_TMI|20180201130954
ANZVI0803002335|WATER|LINEAMENTS_TOPO|20180201131011
ANZVI0803005031|WATER|MODIFIED_RIVERS|20180201131030
ANZVI0803004923|WATER|PRIORITY_RIVERS|20180201131051
ANZVI0803004936|WATER|SDL_BASEFLOWS|20180201131222
ANZVI0803005036|WATER|SPRING_LOCATIONS|20180201131306
ANZVI0803004935|WATER|GW_SW_INTERACTION|20180201093500
ANZVI0803004912|FLORAFAUNA1|WETLAND_CURRENT|20180214010213
ANZVI0803004910|FLORAFAUNA1|WETLAND_PRE_EUROPEAN|20180210010422
ANZVI0803005054|VMADMIN|DEPI_REGION|20190111180954
ANZVI0803004976|VMFEAT|BUILDING_POINT|20190330022921
ANZVI0803004980|VMFEAT|BUILDING_POLYGON|20190330022932
ANZVI0803005037|WATER|FARM_DAMS|20190122010738
ANZVI0803005038|WATER|FARM_DAMS_DETAIL|20180201090253
ANZVI0803003497|MINERALS|COALINVFLDS|20180201164134
ANZVI0803003498|MINERALS|COALINVSBD|20180201164157
ANZVI0803003499|MINERALS|COALINVSCROP|20180201164219
ANZVI0803004884|MINERALS|COAL_QUALITY|20180201164456
ANZVI0803004557|MINERALS|COAL_RESOURCE|20180201164548
ANZVI0803004185|MINERALS|GEOCHEMISTRY|20190413044915
ANZVI0803004567|MINERALS|PLM25_GERA|20190402041417
ANZVI0803004564|MINERALS|PLM25_MRSDA|20190402041549
ANZVI0803004566|MINERALS|PLM25_PA|20190402041726
ANZVI0803004178|MINERALS|WIND_FARM_POINT|20180201194443
ANZVI0803004179|MINERALS|WIND_FARM_POLYGON|20180201194459
ANZVI0803004653|MINERALS|PL|20190416040813
ANZVI0803004652|MINERALS|RL|20190416040834
ANZVI0803005096|FIRE|BURNPLAN14|20180201110316
ANZVI0803005102|CATCHMENTS|PPL|20180201204115
ANZVI0803005156|CROWNLAND|RSA|20181130010213
ANZVI0803005175|VMPROP|EASEMENT|20190412193121
ANZVI0803004870|FLORAFAUNA1|MSD_POINTS|20180201161205
ANZVI0803003325|VMADD|ROAD_LOCALITY_VMADD|20190412191429
ANZVI0803002827|CATCHMENTS|COASTAL_ACID_SULPHATE_SOILS|20180201151023
ANZVI0803005182|CATCHMENTS|CORANGAMITE_LRA|20180201151051
ANZVI0803005181|CATCHMENTS|GLENELG_HOPKINS_LRA|20180201151206
ANZVI0803005179|CATCHMENTS|NORTH_EAST_LRA|20180201203413
ANZVI0803005180|CATCHMENTS|WIMMERA_LRA|20180201222635
ANZVI0803005112|WATER|ISC2010_BANKFULL_WIDTH_R|20180201093602
ANZVI0803005139|WATER|ISC2010_BANKFULL_WIDTH_S|20180201094150
ANZVI0803005127|WATER|ISC2010_BANK_CONDITION_R|20180201094203
ANZVI0803005136|WATER|ISC2010_BANK_CONDITION_S|20180201094214
ANZVI0803005109|WATER|ISC2010_RIVER_CENTRELINES_S|20180201111943
ANZVI0803005134|WATER|ISC2010_STRUCTURE1_R|20180201000000
ANZVI0803005117|WATER|ISC2010_VEGETATION_OVERHANG|20180201000000
ANZVI0803005122|WATER|ISC2010_VEGETATION_WIDTH|20180201000000
ANZVI0803005118|WATER|ISC2010_WATER_BODIES|20180201000000
ANZVI0803005114|WATER|ISC2010_CHANNEL_TRANSECTS|20180201101018
ANZVI0803005130|WATER|ISC2010_LARGE_TREES_R|20180201111106
ANZVI0803005098|WATER|ISC2010_RIVER_CENTRELINES_R|20181119113105
ANZVI0803005144|WATER|ISC2010_VEGETATION_OVERHANG_S|20180201000000
ANZVI0803005133|WATER|ISC2010_WATER_BODIES_R|20180201000000
ANZVI0803005142|WATER|ISC2010_FRAGMENTATION_S|20180201105141
ANZVI0803005137|WATER|ISC2010_STRUCTURE1_S|20180201000000
ANZVI0803005113|WATER|ISC2010_TOE_OF_BANK|20180201000000
ANZVI0803005145|WATER|ISC2010_VEGETATION_WIDTH_S|20180201000000
ANZVI0803005146|WATER|ISC2010_WATER_BODIES_S|20180201000000
ANZVI0803005128|WATER|ISC2010_BARE_GROUND_R|20180201100947
ANZVI0803005129|WATER|ISC2010_FRAGMENTATION_R|20180201105131
ANZVI0803005135|WATER|ISC2010_STRUCTURE2_R|20180201000000
ANZVI0803005131|WATER|ISC2010_VEGETATION_OVERHANG_R|20180201000000
ANZVI0803005115|WATER|ISC2010_FRAGMENTATION|20180201102751
ANZVI0803005138|WATER|ISC2010_STRUCTURE2_S|20180201000000
ANZVI0803005132|WATER|ISC2010_VEGETATION_WIDTH_R|20180201000000
ANZVI0803005140|WATER|ISC2010_BARE_GROUND_S|20180201100957
ANZVI0803005110|WATER|ISC2010_TOP_OF_BANK|20180201000000
ANZVI0803005125|WATER|ISC2010_STREAMBED_WIDTH_R|20180201000000
ANZVI0803005141|WATER|ISC2010_STREAMBED_WIDTH_S|20180201000000
ANZVI0803005161|WATER|GDE_TERR_CORCMA|20180201091335
ANZVI0803005162|WATER|GDE_TERR_EGCMA|20180201091558
ANZVI0803005163|WATER|GDE_TERR_GBCMA|20180201091836
ANZVI0803005164|WATER|GDE_TERR_GHCMA|20180201091926
ANZVI0803005165|WATER|GDE_TERR_MCMA|20180201092048
ANZVI0803005166|WATER|GDE_TERR_NCCMA|20180201092158
ANZVI0803005167|WATER|GDE_TERR_NECMA|20180201092308
ANZVI0803005116|WATER|ISC2010_LARGE_TREES|20180201105158
ANZVI0803005143|WATER|ISC2010_LARGE_TREES_S|20180201111118
ANZVI0803005249|VMADMIN|STATE_ASSEMBLY_2013|20190111181026
ANZVI0803005250|VMADMIN|STATE_COUNCIL_2013|20190111181035
ANZVI0803005168|WATER|GDE_TERR_PPCMA|20180201092620
ANZVI0803005169|WATER|GDE_TERR_WCMA|20180201092726
ANZVI0803005170|WATER|GDE_TERR_WGCMA|20180201092759
ANZVI0803005185|FIRE|WATER_INFRASTRUCTURE_POINT|20180201094343
ANZVI0803005194|CATCHMENTS|GIPPSLAND_LAND_UNITS|20180201151127
ANZVI0803005184|CATCHMENTS|GOULBURN_BROKEN_LAND_UNITS|20180201151237
ANZVI0803005062|FLORAFAUNA1|MSA_BCS_SC_TREE|20190306010457
ANZVI0803005057|FLORAFAUNA1|MSA_BCS_SLTRP|20180404010044
ANZVI0803004979|FLORAFAUNA1|MSA_GA_PSP|20180201161045
ANZVI0803005089|FLORAFAUNA1|MSA_OMR|20180201161101
ANZVI0803004813|COASTS|COASTAL_LEVEES|20180202120307
ANZVI0803005195|CATCHMENTS|VICTORIAN_LAND_USE_2010|20180201212913
ANZVI0803005126|WATER|ISC2010_BARE_GROUND|20180201094234
ANZVI0803004700|FORESTRY|WUP_FINAL_2013|20180202115152
ANZVI0803004901|FLORAFAUNA1|MSA_EXTENT|20180626010115
ANZVI0803005100|FLORAFAUNA1|WETLAND_LANDSCAPE|20180201155934
ANZVI0803005203|FLORAFAUNA1|VBA_FAUNA_GRID_10M|20180303010242
ANZVI0803005208|FLORAFAUNA1|VBA_FAUNA_GRID_1M|20180303010535
ANZVI0803005207|FLORAFAUNA1|VBA_FAUNA_GRID_5M|20180303011251
ANZVI0803005204|FLORAFAUNA1|VBA_FLORA_GRID_10M|20180303011649
ANZVI0803005206|FLORAFAUNA1|VBA_FLORA_GRID_1M|20180303012024
ANZVI0803005205|FLORAFAUNA1|VBA_FLORA_GRID_5M|20180303012953
ANZVI0803005223|VMPROP|PARCEL_VIEW_DVP|20190412195649
ANZVI0803005226|VMPROP|PROPERTY_VIEW_DVP|20190412202123
ANZVI0803005227|VMPROP|DISPLAY_VIEW_POLYGON|20190111181639
ANZVI0803005075|FLORAFAUNA1|HDM_FAUNA_10M|20180202000000
ANZVI0803005228|FLORAFAUNA1|HDM_FLORA_10M|20180202000000
ANZVI0803005245|CATCHMENTS|SOIL_EC|20180201205229
ANZVI0803005296|FIRE|LF_DISTRICT_LINE|20180201093653
ANZVI0803000062|PTV|PTV_TRAIN_TRACK_CENTRELINE|20190206010652
ANZVI0803000320|PTV|PTV_TRAIN_CARPARK|20190206010619
ANZVI0803000061|PTV|PTV_TRAIN_CORRIDOR_CENTRELINE|20180517000000
ANZVI0803000063|PTV|PTV_TRAM_TRACK_CENTRELINE|20190206010714
ANZVI0803000321|PTV|PTV_TRAIN_STATION_BIKE_STORAGE|20190206010636
ANZVI0803000064|PTV|PTV_TRAIN_STATION_PLATFORM|20180517000000
ANZVI0803005303|FLORAFAUNA1|LBPAG_BUFF_CHRFA|20190328010142
ANZVI0803005214|FORESTS|RECWEB_ASSET|20190416010126
ANZVI0803005215|FORESTS|RECWEB_CARPARK|20190416010142
ANZVI0803005216|FORESTS|RECWEB_HISTORIC_RELIC|20190416010158
ANZVI0803005217|FORESTS|RECWEB_HUT|20190416010214
ANZVI0803005219|FORESTS|RECWEB_PHOTO_EXTRA|20190416010229
ANZVI0803005218|FORESTS|RECWEB_SIGN|20190416010257
ANZVI0803005213|FORESTS|RECWEB_SITE|20190416010325
ANZVI0803004723|FORESTSROADS|RDB_FIREACCESS|20180717170334
ANZVI0803004724|FORESTSROADS|RDB_TOLLROADS|20180717170048
ANZVI0803005311|VMREFTAB|MD_COLUMN_NAME_MAPPING|20190119052020
ANZVI0803005309|VMFEAT|GEOMARK_INDEX_CENTROID|20190413025113
ANZVI0803005313|VMFEAT|GEOMARK_INDEX_EXTENT|20190413025141
ANZVI0803005316|VMFEAT|GEOMARK_LINE|20190413025215
ANZVI0803005314|VMFEAT|GEOMARK_POINT|20190413025229
ANZVI0803005315|VMFEAT|GEOMARK_POLYGON|20190413025253
ANZVI0803004691|MINERALS|SG_GEOLOGICAL_UNIT_250K|20180405040553
ANZVI0803004694|MINERALS|SG_GEOL_UNIT_CONTACT_250K|20180201192514
ANZVI0803004692|MINERALS|SG_GEOLOGICAL_UNIT_50K|20180405040754
ANZVI0803004693|MINERALS|SG_GEOL_UNIT_CONTACT_50K|20180201192804
ANZVI0803004695|MINERALS|SG_SHEAR_DISPLACE_STRUC_250K|20180201192830
ANZVI0803004696|MINERALS|SG_SHEAR_DISPLACE_STRUC_50K|20180201192904
ANZVI0803005318|FIRE|BURNPLAN15|20180201085832
ANZVI0803005334|FORESTRY|WUP_FINAL_2014|20180202115208
ANZVI0803005353|FIRE|PV_AREAS|20180201111346
ANZVI0803005354|FIRE|PV_DISTRICTS|20180201094038
ANZVI0803005355|FIRE|PV_REGIONS|20180201094100
ANZVI0803005361|FORESTS|DAP|20180427010043
ANZVI0803005356|FIRE|BRL_BOUNDARIES|20180201000000
ANZVI0803005347|FORESTS|PGPVF|20180913010206
ANZVI0803004836|FIRE|BLD_RISK_LANDSCAPE_AREAS|20180201000000
ANZVI0803005357|FIRE|BRL_FMSTRATEGY|20180201000000
ANZVI0803005359|FIRE|BRL_IGNITIONRISK|20180201000000
ANZVI0803005358|FIRE|BRL_IMPACTRISK|20180201000000
ANZVI0803005360|FIRE|BRL_PROTECTEDASSETS_PY|20180201000000
ANZVI0803004209|FIRE|BURNPLAN11_WORKS_LN|20180201000000
ANZVI0803005385|FIRE|PSZ_FIRE_FORECAST|20190416010057
ANZVI0803003100|FIRE|VM_ROADSIMPLE|20180201000000
ANZVI0803002701|CATCHMENTS|STATEBND_SEA|20180201000000
ANZVI0803004128|FORESTS|WORKING_FOREST_AREAS_SU2|20180202130515
ANZVI0803004262|FORESTS|WUP_CURRENT_FINAL_COMPLETE|20180202130531
ANZVI0803005370|FORESTS|RECWEB_TRACK|20190416010356
ANZVI0803004174|FORESTS|ROUTE_FWD_ICONIC|20180201120612
ANZVI0803004172|FORESTS|ROUTE_FWD_TRACKCLASS|20180201120645
ANZVI0803004183|FORESTS|ROUTE_TRAILBIKE|20180201120702
ANZVI0803004182|FORESTS|ROUTE_TRAILBIKE_RNA|20180201120716
ANZVI0803004184|FORESTS|ROUTE_TRAILBIKE_VISITOR_AREA|20180201120745
ANZVI0803005373|WATER|FARM_DAMS_POINT|20190115010858
ANZVI0803005372|FIRE|FIRE_SEV_WF|20181201011237
ANZVI0803005369|VMADMIN|DELWP_REGION|20190413024829
ANZVI0803003588|MINERALS|REGDETNT|20190220040754
ANZVI0803005388|CATCHMENTS|LANDUSE_2014|20181128020102
ANZVI0803004622|MINERALS|ELRELIN|20190416040254
ANZVI0803004650|CROWNLAND|PLM25_OVERLAYS|20180201000000
ANZVI0803003507|MINERALS|XSEC_COAL|20180201194514
ANZVI0803005383|CATCHMENTS|LANDUSE_2006|20180201151755
ANZVI0803005382|CATCHMENTS|LANDUSE_2008|20180201161309
ANZVI0803005377|CATCHMENTS|LANDUSE_2010|20180201171557
ANZVI0803005381|CATCHMENTS|LANDUSE_2012|20180201181646
ANZVI0803005410|CROWNLAND|PLM25_OVERLAYS_HR|20180201000000
ANZVI0803005409|CROWNLAND|PLM25_OVERLAYS_NCA|20180201000000
ANZVI0803005408|CROWNLAND|PLM25_OVERLAYS_RA|20180201000000
ANZVI0803005412|CROWNLAND|PLM25_OVERLAYS_RNA|20180201000000
ANZVI0803005411|CROWNLAND|PLM25_OVERLAYS_WZ|20180201000000
ANZVI0803005489|FLORAFAUNA1|LBPAG_SITES_CHRFA|20190328010203
ANZVI0803005333|WATER|VWAD_AQ|20180201144450
ANZVI0803005335|WATER|VWAD_PL|20180201144657
ANZVI0803005339|WATER|VWAD_PT|20180201144749
ANZVI0803005340|WATER|VWAD_PY|20180201145103
ANZVI0803004138|FIRE|FIRE_HISTORY_ORIGIN|20180201090526
ANZVI0803005522|CATCHMENTS|SOIL_TYPE|20180201212254
ANZVI0803005523|FIRE|BURNPLAN16|20181201010330
ANZVI0803005507|FLORAFAUNA1|LBP_LMU_CHRFA|20180202102947
ANZVI0803005509|FLORAFAUNA1|LBP_OCCUPY_CHRFA|20180201160847
ANZVI0803005466|MARINE2|AQUACULTURE_LICENCE_SITES|20180129000000
ANZVI0803005532|MARINE2|COASTAL_BIRD_HABITAT_LITE|20180129000000
ANZVI0803003603|CATCHMENTS|LANDUSE100_2005|20180202000000
ANZVI0803004234|MARINE2|PPB_RECREATION_FISHING_REEFS|20180129110958
ANZVI0803005472|MARINE2|PPB_SNAPPER_LARVAE_NURSERY|20180129000000
ANZVI0803004123|MARINE2|BEACH_EMERGENCY_SIGNS|20180129105934
ANZVI0803005437|MARINE2|BOAT_ACCESS_POINTS|20180129000000
ANZVI0803005431|MARINE2|COASTAL_BAT_ROOSTS|20180129110042
ANZVI0803005461|MARINE2|COASTAL_SIG_GEO_SITES|20180129000000
ANZVI0803005530|MARINE2|CORANGAMITE_MARINE_HAB2009|20180129000000
ANZVI0803005469|MARINE2|DNV_OIL_SPILL_RISK_EEZ|20180129110243
ANZVI0803005470|MARINE2|DNV_OIL_SPILL_RISK_INT|20180129110257
ANZVI0803005471|MARINE2|DNV_OIL_SPILL_RISK_NEAR|20180129110311
ANZVI0803005515|MARINE2|GIPPS_LAKES_COASTAL_TYPES|20180129000000
ANZVI0803005432|MARINE2|HOODED_PLOVER_MAP_POINTS|20180129000000
ANZVI0803005465|MARINE2|HOODED_PLOVER_OBSERVATIONS|20180129000000
ANZVI0803005460|MARINE2|MARINE_MAMMAL_PROTECTED|20180129000000
ANZVI0803005444|MARINE2|MARINE_POLLUTION_EQUIPMENT|20181026011024
ANZVI0803005429|MARINE2|MARINE_POLLUTION_ICC|20181030010545
ANZVI0803005441|MARINE2|MARINE_SPECIAL_MGT_AREAS|20180129110739
ANZVI0803005473|MARINE2|MARPOL_RISK_CULTURAL_RES|20180129110753
ANZVI0803005474|MARINE2|MARPOL_RISK_ECONOMIC_RES|20180129110807
ANZVI0803005475|MARINE2|MARPOL_RISK_HABITATS|20180129110822
ANZVI0803005476|MARINE2|MARPOL_RISK_OVERALL|20180129110835
ANZVI0803005477|MARINE2|MARPOL_RISK_SOCIAL_RES|20180129110850
ANZVI0803005478|MARINE2|MARPOL_RISK_SPECIES|20180129110904
ANZVI0803005446|MARINE2|SCAT_SEGMENTS|20180129111026
ANZVI0803005447|MARINE2|SCAT_SEGMENTS_DISSOLVED|20180320010344
ANZVI0803005438|MARINE2|VIC_BOAT_MOORING_POINTS|20180129111229
ANZVI0803005440|MARINE2|VIC_INTERTIDAL_EVC_MAPPING|20180129000000
ANZVI0803005520|MARINE2|VIC_PIERS_JETTIES_POINTS|20180129000000
ANZVI0803005505|MARINE2|VIC_RESPONSE_REGIONS|20180129111350
ANZVI0803005430|MARINE2|WESTERN_PORT_RHODOLITH|20180129000000
ANZVI0803002149|MARINE2|AUST_FUR_SEAL_COLONIES|20180129000000
ANZVI0803004135|MARINE2|CENTRAL_VIC_COASTAL_HABITATS|20180129000000
ANZVI0803002183|MARINE2|COASTAL_BIRD_HABITAT|20180129000000
ANZVI0803003974|MARINE2|EAST_GIPPS_MARINE_HAB_2009|20180129000000
ANZVI0803004197|MARINE2|GA_SHORELINE_GEOMORPH_MAPPING|20180129110437
ANZVI0803004108|MARINE2|LCC_COASTAL_CLASSIFICATION|20180129000000
ANZVI0803002148|MARINE2|MAJOR_PENGUIN_COLONIES|20180129000000
ANZVI0803002184|MARINE2|MAJOR_RIVER_ENTRANCES|20180129000000
ANZVI0803004235|MARINE2|MALLACOOTA_COASTAL_HABITATS|20180129000000
ANZVI0803004236|MARINE2|PORTLAND_COASTAL_HABITATS|20180129000000
ANZVI0803004120|MARINE2|PPB_AUSTRALASIAN_GANNETS|20180129000000
ANZVI0803004121|MARINE2|SHOREBIRD_ROOSTING_SITES|20180129000000
ANZVI0803004117|MARINE2|SOUTHERN_FUR_SEAL_COLONIES|20180129000000
ANZVI0803004119|MARINE2|TERN_COASTAL_SITES|20180129000000
ANZVI0803005550|CROWNLAND|PLM25_OVERLAYS_WILDLIFE|20180201000000
ANZVI0803005553|MARINE2|ESTUARY_FISH_SPECIES|20180129000000
ANZVI0803005560|FORESTS|OMA_EG_LEGAL|20180202123356
ANZVI0803003585|PLANNING|HERMES|20190404010205
ANZVI0803005565|CATCHMENTS|NW_EROSION_SUSCEPTIBILITY|20180201203441
ANZVI0803005566|CATCHMENTS|NW_REGIONAL_MANAGEMENT_UNIT|20180201204059
ANZVI0803005564|CATCHMENTS|NW_LANDFORM|20180201203833
ANZVI0803004875|PLANNING|HERITAGE_INVENTORY|20190404010205
ANZVI0803004621|PLANNING|HERITAGE_REGISTER|20190404010205
ANZVI0803005588|MINERALS|BASINS_ARC|20180201163119
ANZVI0803004569|PLANNING|BUSHFIRE_PRONE_AREA|20190404010129
ANZVI0803005655|FORESTS|PAIM_RDB_CROSSINGS|20180202142434
ANZVI0803005591|MINERALS|POSTCODE_POP_POLYGON|20180201162528
ANZVI0803005601|CATCHMENTS|SALINITY_PROVINCES|20180201204134
ANZVI0803005790|PLANNING|BUSHFIRE_PRONE_AREA_SIMPLIFIED|20190404010152
ANZVI0803004711|CATCHMENTS|LANDCOVER_MALLEE|20180201151354
ANZVI0803005600|MARINE1|PPB_BENTHIC_FLUXES_2002_2005|20180123093417
ANZVI0803005598|MARINE1|PPB_CTD_HRLY_COMB|20180123093429
ANZVI0803005595|MARINE1|PPB_FV_TRAWL_FISH_SELECT|20180123093503
ANZVI0803005628|CATCHMENTS|LANDCOVER_MALLEE_1945|20180201151628
ANZVI0803005629|CATCHMENTS|LANDCOVER_MALLEE_1970|20180201151649
ANZVI0803005630|CATCHMENTS|LANDCOVER_MALLEE_2009|20180201151710
ANZVI0803005631|CATCHMENTS|LANDCOVER_MALLEE_2012|20180201151732
ANZVI0803005604|FLOOD|GL_10AEP_20CMSLR_EXTENT|20180202122436
ANZVI0803005605|FLOOD|GL_10AEP_40CMSLR_EXTENT|20180202122454
ANZVI0803005606|FLOOD|GL_10AEP_80CMSLR_EXTENT|20180202122516
ANZVI0803005607|FLOOD|GL_10AEP_MSL_EXTENT|20180202122533
ANZVI0803005602|FLOOD|GL_1AEP_20CMSLR_EXTENT|20180202122552
ANZVI0803005603|FLOOD|GL_1AEP_MSL_EXTENT|20180202122611
ANZVI0803005608|FLOOD|GL_COAST_HAZARD_EXTENT|20180202122629
ANZVI0803005609|FLOOD|GL_SHORE_EROSION_SUSCEPT|20180202122645
ANZVI0803005610|FLOOD|GL_SHORE_EROSION_SUSCEPT_SLR|20180202122701
ANZVI0803005611|FLOOD|GL_SHORE_HAZARD_EXTENT|20180202122718
ANZVI0803005422|FLOOD|WP_10AEP_20CMSLR_EXTENT|20180202123251
ANZVI0803005423|FLOOD|WP_10AEP_50CMSLR_EXTENT|20180202123324
ANZVI0803005424|FLOOD|WP_10AEP_80CMSLR_EXTENT|20180202123351
ANZVI0803005421|FLOOD|WP_10AEP_MSL_EXTENT|20180202123420
ANZVI0803005418|FLOOD|WP_1AEP_20CMSLR_EXTENT|20180202123458
ANZVI0803005419|FLOOD|WP_1AEP_50CMSLR_EXTENT|20180202123519
ANZVI0803005420|FLOOD|WP_1AEP_80CMSLR_EXTENT|20180202123543
ANZVI0803005417|FLOOD|WP_1AEP_MSL_EXTENT|20180202123606
ANZVI0803005649|VMADMIN|WARD_2016|20190111181049
ANZVI0803005652|FLORAFAUNA1|VBA_RESTRICTED_1M|20180302020319
ANZVI0803005635|FLOOD|PF_100ARI_40CMSLR_EXTENT|20180202123007
ANZVI0803005634|FLOOD|PF_50ARI_MSL_EXTENT|20180202123036
ANZVI0803004127|MARINE2|ESTUARY_FISH_HABITATS|20180129000000
ANZVI0803005637|FLOOD|PF_100ARI_120CMSLR_EXTENT|20180202122952
ANZVI0803005636|FLOOD|PF_100ARI_80CMSLR_EXTENT|20180202123020
ANZVI0803005641|FLOOD|PF_COAST_HAZARD_RIVERS|20180202123052
ANZVI0803005642|FLOOD|PF_COAST_HAZARD_ROCKY_CLIFF|20180202123106
ANZVI0803005643|FLOOD|PF_COAST_HAZARD_SALIENT|20180202123118
ANZVI0803005639|FLOOD|PF_HAZARD_SEAWALL_FAIL|20180202123132
ANZVI0803005640|FLOOD|PF_HAZARD_SEAWALL_PRESENT|20180202123145
ANZVI0803005661|FLORAFAUNA1|MSA_BCS_GGF_ASI|20180621010437
ANZVI0803005660|FIRE|BURNPLAN17|20180202143337
ANZVI0803005659|FLORAFAUNA2|VBA_FAUNA_BLA_THREAT|20180302020359
ANZVI0803005632|CROWNLAND|PLM25_OVERLAYS_TO|20180201000000
ANZVI0803002307|CROWNLAND|NOTINGS|20190416010035
ANZVI0803005457|MARINE2|SHORELINE_ACCESS_POINTS|20180129111124
ANZVI0803005671|MARINE2|MSAR_UNITS|20180129110917
ANZVI0803005677|TRANSPORT|PPTN_LINES|20180201151723
ANZVI0803005678|TRANSPORT|PPTN_POINTS|20180201151740
ANZVI0803005683|FIREECO|EFG_EVD_GROWTH_STAGES|20170523173039
ANZVI0803005684|FIREECO|EFG_EVD_TFI|20170523173044
ANZVI0803005490|TRANSPORT|VIC_RAILWAY_CORRIDOR|20190327010632
ANZVI0803005504|TRANSPORT|VIC_RAILWAY_DISUSED|20181030010626
ANZVI0803005519|TRANSPORT|VIC_RAIL_TRAILS|20180201151958
ANZVI0803005491|TRANSPORT|VIC_TOURIST_RAIL_CORRIDOR|20190327081401
ANZVI0803005493|TRANSPORT|VIC_RAILWAY_STATIONS|20190227010823
ANZVI0803005687|UDP|BH2016|20170109000000
ANZVI0803005691|UDP|IND2016|20170109000000
ANZVI0803005692|UDP|IND2016_PROPOSED_AREAS|20170109000000
ANZVI0803005690|UDP|MRS2016|20170109000000
ANZVI0803005693|MARINE2|TERN_COASTAL_SITES_SIMPLIFIED|20180129111216
ANZVI0803005699|PROVISIONAL|LOCALITIES_XX|20180202114500
ANZVI0803005688|TRANSPORT|TAXI_AND_HIRE_CAR_ZONES|20180201151845
ANZVI0803005707|PUBLICLANDUSE|TEST_XX|20180201171705
ANZVI0803005709|TRANSPORT|ROAD_PFN_DETAIL|20180201151757
ANZVI0803005708|TRANSPORT|ROAD_PFN_LITE|20180201151829
ANZVI0803005714|MARINE2|AQUACULTURE_RES_NAV_AIDS|20180129105905
ANZVI0803005718|CATCHMENTS|LANDUSE_2016|20181128021418
ANZVI0803005704|FORESTS|RECWEB_POI|20190416010243
ANZVI0803005739|RASPLAT|IWSFOOTPRINT|20190416010418
ANZVI0803005743|RASPLAT|RASTER_FILENAME_OPTION|20181205010455
ANZVI0803005740|WATER|SPRING_LOCATIONS_XX|20180201131322
ANZVI0803005745|PUBLICLANDUSE|LCC_ECC_VEAC_INVESTIN_BND|20190104110259
ANZVI0803005750|VMPLAN|PLAN_OVERLAY_HISTORY|20190412010449
ANZVI0803005951|VMPLAN|PLAN_ORDINANCE_LPP_URL|20190413011245
ANZVI0803005954|VMPLAN|PLAN_ORDINANCE_VPP_URL|20190307185902
ANZVI0803005749|VMPLAN|PLAN_ZONE_HISTORY|20190412010630
ANZVI0803005747|FORESTS|TUP2017|20180201123800
ANZVI0803005552|FORESTS|PAIM_RECWEB_CLOSURES_ACTIVITY|20190416010108
ANZVI0803005766|COASTS|COAST_PROTECTION_STRUCT_FULL|20180717010101
ANZVI0803005769|FORESTS|RAINFOR25_MURRUNGOWAR|20180202000000
ANZVI0803005768|FLORAFAUNA1|SWOOPING_BIRD|20190411010101
ANZVI0803005771|MINERALS|SG_SHEAR_ZONE_250K|20180201192920
ANZVI0803005776|FIRE|BURNPLAN18|20181201000000
ANZVI0803005387|FORESTS|FMZ100_V_ZONE|20180814010113
ANZVI0803005695|FIRE|CFA_PDD_HARVEST|20181117010312
ANZVI0803005785|FLORAFAUNA1|LBP_HAB_ZONE_1A|20180202010848
ANZVI0803005786|VMADMIN|WARD_2017|20190111181052
ANZVI0803005805|ENERGY|ELECTRICITY_DISTRIBUTOR|20171109000000
ANZVI0803005648|FORESTS|PAIM_VM_TR_ROAD_CLOSURES|20190409010213
ANZVI0803005551|FORESTS|PAIM_RECWEB_CLOSURES_SITETRACK|20190416010116
ANZVI0803005829|WATER|RT_DAM_CONSTRUCTION_TYPE|20180201131118
ANZVI0803005833|WATER|RT_IRRIGATION_ENTITLEMENT_TYPE|20180201131126
ANZVI0803005832|WATER|RT_WATER_CORP_TYPE|20180201131134
ANZVI0803005823|WATER|DAM|20180201085232
ANZVI0803005825|WATER|IRRIGATION_SYSTEM_ALLOCATION|20180709132423
ANZVI0803005826|WATER|WATER_STORAGE|20180709000000
ANZVI0803005824|WATER|WATER_CORP|20190123011407
ANZVI0803005830|WATER|MELBOURNE_WATER_CORP|20190123011407
ANZVI0803005831|WATER|MELBOURNE_WATER_RETAILER|20190123011407
ANZVI0803005815|WATER|RURAL_WATER_CORP|20190123011407
ANZVI0803005816|WATER|URBAN_WATER_CORP|20190123011407
ANZVI0803005694|FIRE|CFA_PDD_POST_HARVEST|20181117010341
ANZVI0803005828|VMPOSITION|SMES_FULL|20171219000000
ANZVI0803001005|OBSOLETE_CROWNLAND|CNR500|20171219000000
ANZVI0803001024|OBSOLETE_CROWNLAND|LANDMMT100|20171219000000
ANZVI0803005160|OBSOLETE_CROWNLAND|NP_TOURISM|20171219000000
ANZVI0803002145|OBSOLETE_CROWNLAND|PIPE|20171219000000
ANZVI0803005415|OBSOLETE_CROWNLAND|PLM100_POLYGON_050812|20171219000000
ANZVI0803005394|OBSOLETE_CROWNLAND|PLM100_V_LNDMGR_FORESTS|20171219000000
ANZVI0803005395|OBSOLETE_CROWNLAND|PLM100_V_LNDMGR_OTHER|20171219000000
ANZVI0803005396|OBSOLETE_CROWNLAND|PLM100_V_MMT_COMMONWEALTH|20171219000000
ANZVI0803005400|OBSOLETE_CROWNLAND|PLM100_V_MMT_OTHER|20171219000000
ANZVI0803005399|OBSOLETE_CROWNLAND|PLM100_V_MMT_PARKS|20171219000000
ANZVI0803005401|OBSOLETE_CROWNLAND|PLM100_V_MMT_RESERVES|20171219000000
ANZVI0803005402|OBSOLETE_CROWNLAND|PLM100_V_MMT_STATEFOREST|20171219000000
ANZVI0803005403|OBSOLETE_CROWNLAND|PLM100_V_MMT_SURPLUS|
ANZVI0803005404|OBSOLETE_CROWNLAND|PLM100_V_MMT_UNCLASSIFIED|20171219000000
ANZVI0803004360|OBSOLETE_CROWNLAND|PLM100_V_MMT_WILDLIFE_MGMT|20171219000000
ANZVI0803005413|OBSOLETE_CROWNLAND|PLM100_V_POLMGR_DSE|20171219000000
ANZVI0803005405|OBSOLETE_CROWNLAND|PLM100_V_POLMGR_OTHER|20171219000000
ANZVI0803005414|OBSOLETE_CROWNLAND|PLM100_V_POLMGR_UNKNOWN|20171219000000
ANZVI0803003081|OBSOLETE_CROWNLAND|PLMMT100PLY_G1000|20171219000000
ANZVI0803003080|OBSOLETE_CROWNLAND|PLMMT100PLY_G150|20171219000000
ANZVI0803002822|OBSOLETE_FORESTS|CROWNCOVER|
ANZVI0803002821|OBSOLETE_FORESTS|EUCGROUP|
ANZVI0803003968|OBSOLETE_FORESTS|FE_BM_2009|
ANZVI0803003967|OBSOLETE_FORESTS|FE_CG_2009|
ANZVI0803003969|OBSOLETE_FORESTS|FE_CT_2009|
ANZVI0803003970|OBSOLETE_FORESTS|FE_DD_2009|
ANZVI0803003971|OBSOLETE_FORESTS|FE_EG_2009|
ANZVI0803003972|OBSOLETE_FORESTS|FE_NE_2009|
ANZVI0803003973|OBSOLETE_FORESTS|FE_TB_2009|
ANZVI0803004718|OBSOLETE_FORESTS|FMZ100_ARCHIVE_2001_2006|
ANZVI0803004342|OBSOLETE_FORESTS|FMZ_EG_DETAILS|
ANZVI0803004140|OBSOLETE_FORESTS|FOREST_AREA_WPA|
ANZVI0803002824|OBSOLETE_FORESTS|HTOVERSTY|
ANZVI0803002825|OBSOLETE_FORESTS|HTREGTH|
ANZVI0803002829|OBSOLETE_FORESTS|LANDSCAPE25|
ANZVI0803003048|OBSOLETE_FORESTS|RA_BM_2006|
ANZVI0803003692|OBSOLETE_FORESTS|RA_BM_2009_POSTFIRE|
ANZVI0803003652|OBSOLETE_FORESTS|RA_BM_2009_PREFIRE|
ANZVI0803003013|OBSOLETE_FORESTS|RA_CG_2006|
ANZVI0803003693|OBSOLETE_FORESTS|RA_CG_2009_POSTFIRE|
ANZVI0803003656|OBSOLETE_FORESTS|RA_CG_2009_PREFIRE|
ANZVI0803003000|OBSOLETE_FORESTS|RA_CT_2006|
ANZVI0803003694|OBSOLETE_FORESTS|RA_CT_2009_POSTFIRE|
ANZVI0803003654|OBSOLETE_FORESTS|RA_CT_2009_PREFIRE|
ANZVI0803003008|OBSOLETE_FORESTS|RA_DD_2006|
ANZVI0803003681|OBSOLETE_FORESTS|RA_DD_2009_POSTFIRE|
ANZVI0803003658|OBSOLETE_FORESTS|RA_DD_2009_PREFIRE|
ANZVI0803003075|OBSOLETE_FORESTS|RA_EG_2006|
ANZVI0803003695|OBSOLETE_FORESTS|RA_EG_2009_POSTFIRE|
ANZVI0803003010|OBSOLETE_FORESTS|RA_NE_2006|
ANZVI0803002979|OBSOLETE_FORESTS|RFDB_BIRD_VIEWING_HIDE|
ANZVI0803002980|OBSOLETE_FORESTS|RFDB_BOARDWALK|
ANZVI0803002982|OBSOLETE_FORESTS|RFDB_BRIDGE|
ANZVI0803002981|OBSOLETE_FORESTS|RFDB_CARPARK|
ANZVI0803002983|OBSOLETE_FORESTS|RFDB_GATE|
ANZVI0803002984|OBSOLETE_FORESTS|RFDB_GENERATOR|
ANZVI0803002985|OBSOLETE_FORESTS|RFDB_HANG_GLIDING|
ANZVI0803002986|OBSOLETE_FORESTS|RFDB_HISTORIC_RELIC|
ANZVI0803002987|OBSOLETE_FORESTS|RFDB_HUT|
ANZVI0803002989|OBSOLETE_FORESTS|RFDB_INFORMATION_SHELTER|
ANZVI0803002988|OBSOLETE_FORESTS|RFDB_JETTY|
ANZVI0803002990|OBSOLETE_FORESTS|RFDB_MAINTENANCE_ACTION|
ANZVI0803002991|OBSOLETE_FORESTS|RFDB_PHOTO_EXTRA|
ANZVI0803002992|OBSOLETE_FORESTS|RFDB_PICNIC_SHELTER_QTY|
ANZVI0803002993|OBSOLETE_FORESTS|RFDB_RECREATION_ELEMENT|
ANZVI0803002994|OBSOLETE_FORESTS|RFDB_SIGNS_GEO_REF|
ANZVI0803002966|OBSOLETE_FORESTS|RFDB_SITE|
ANZVI0803002995|OBSOLETE_FORESTS|RFDB_STAIRS|
ANZVI0803002996|OBSOLETE_FORESTS|RFDB_TOILET|
ANZVI0803002997|OBSOLETE_FORESTS|RFDB_VALIDATION|
ANZVI0803002998|OBSOLETE_FORESTS|RFDB_VIEWING_PLATFORM|
ANZVI0803003580|OBSOLETE_FORESTS|SFRIFRED_2004|
ANZVI0803003691|OBSOLETE_FORESTS|SFRIFRED_2007|
ANZVI0803003702|OBSOLETE_FORESTS|SFRIFRED_2007_GS|
ANZVI0803003682|OBSOLETE_FORESTS|TRP_2006_2009|
ANZVI0803004190|OBSOLETE_FORESTS|TRP_20100107|
ANZVI0803004189|OBSOLETE_FORESTS|TRP_20100819|
ANZVI0803004270|OBSOLETE_FORESTS|TRP_20110113|
ANZVI0803004338|OBSOLETE_FORESTS|TRP_20110224|
ANZVI0803005817|TRANSPORT|MTP_EES_FUTURE_STN_ENTRANCES|20180201151602
ANZVI0803005818|TRANSPORT|MTP_EES_STATION_ENTRANCES|20180201151618
ANZVI0803005819|TRANSPORT|MTP_EES_TUNNEL_ENTRANCES|20180201151635
ANZVI0803005820|TRANSPORT|MTP_EES_UNDERGROUND_RAIL_TRACK|20180201151651
ANZVI0803005821|TRANSPORT|MTP_EES_UNDERGROUND_STATIONS|20180201151707
ANZVI0803003441|OBSOLETE_FLORAFAUNA1|EVC1750_BCS|
ANZVI0803002042|OBSOLETE_FLORAFAUNA1|EVC1750_CMP|
ANZVI0803002637|OBSOLETE_FLORAFAUNA1|EVC_BCS100|
ANZVI0803002402|OBSOLETE_FLORAFAUNA1|EVC_CMP100|
ANZVI0803002584|OBSOLETE_CROWNLAND|AVAIL100|20171221000000
ANZVI0803005875|ENVIRONPROTECT|VLR_POLYGON|20190326103802
ANZVI0803005872|ENVIRONPROTECT|GQRUZ_POINT|20190326105016
ANZVI0803005873|ENVIRONPROTECT|GQRUZ_POLYGON|20190328010106
ANZVI0803005874|ENVIRONPROTECT|VLR_POINT|20190326103749
ANZVI0803001077|OBSOLETE_FLORAFAUNA1|IBRA500|20130906000000
ANZVI0803005834|VMPOSITION|GDA94_GDA2020_SAMPLE_POINT|20180619000000
ANZVI0803002379|OBSOLETE_FLORAFAUNA2|BIOSITE100_B|20170206000000
ANZVI0803002378|OBSOLETE_FLORAFAUNA2|BIOSITE100_P|20170206000000
ANZVI0803002377|OBSOLETE_FLORAFAUNA2|BIOSITE25_B|20170206000000
ANZVI0803001081|OBSOLETE_FLORAFAUNA2|FLORA100|20170206000000
ANZVI0803001079|OBSOLETE_FLORAFAUNA2|THFAU100|20170206000000
ANZVI0803005500|OBSOLETE_FLORAFAUNA2|VBA_FAUNA_RESTRICTED_ACC|20170206000000
ANZVI0803002588|OBSOLETE_FLORAFAUNA2|THFLO100|20170206000000
ANZVI0803005502|OBSOLETE_FLORAFAUNA2|VBA_FAUNA_THREATENED_ACC|20180115000000
ANZVI0803005494|OBSOLETE_FLORAFAUNA2|VBA_FAUNA_THREAT_GRID_10M|20180115000000
ANZVI0803003548|OBSOLETE_FLORAFAUNA2|FAUNA100|20180115000000
ANZVI0803001097|OBSOLETE_FLORAFAUNA1|THFAU500|20090701000000
ANZVI0803001096|OBSOLETE_FLORAFAUNA1|THFLOR500|20090701000000
ANZVI0803004323|OBSOLETE_FORESTS|GIPPS_APIARY_ZONES_2004|20180110000000
ANZVI0803005859|CROWNLAND|RSA_A|20181201010256
ANZVI0803005844|PTV|PTV_METRO_BUS_ROUTE|20190227010541
ANZVI0803005851|PTV|PTV_METRO_BUS_STOP|20190227010557
ANZVI0803005858|PTV|PTV_METRO_TRAIN_STATION|20180912120939
ANZVI0803005849|PTV|PTV_METRO_TRAM_ROUTE|20190227010620
ANZVI0803005856|PTV|PTV_METRO_TRAM_STOP|20190227010634
ANZVI0803005848|PTV|PTV_NIGHT_BUS_ROUTE|20180912121045
ANZVI0803005855|PTV|PTV_NIGHT_BUS_STOP|20180912121100
ANZVI0803005845|PTV|PTV_REGIONAL_BUS_ROUTE|20190227010648
ANZVI0803005852|PTV|PTV_REGIONAL_BUS_STOP|20190227010706
ANZVI0803005846|PTV|PTV_REGIONAL_COACH_ROUTE|20190227010725
ANZVI0803005853|PTV|PTV_REGIONAL_COACH_STOP|20190227010743
ANZVI0803005857|PTV|PTV_REGIONAL_TRAIN_STATION|20180912121227
ANZVI0803005847|PTV|PTV_SKYBUS_ROUTE|20180912121242
ANZVI0803005854|PTV|PTV_SKYBUS_STOP|20180321000000
ANZVI0803005861|FLORAFAUNA1|MSA_ENV_MIT_PNT|20190306010642
ANZVI0803005863|FLORAFAUNA1|MSA_ENV_MIT_POLY|20180605150630
ANZVI0803005864|MARINE2|SCAT_SEGMENTS_POINTS|20180320010402
ANZVI0803005850|PTV|PTV_REG_SCHOOL_BUS_ROUTE|20190305010802
ANZVI0803005869|UDP|HDD_PROJECTS2005TO2016|20180403000000
ANZVI0803005049|ENERGY|WIND_SPEED|20180406074732
ANZVI0803004871|MINERALS|DEPTH_TO_BASEMENT_MURRAY_BASIN|20180405000000
ANZVI0803005868|UDP|HDD_STOCK2016|20180409152536
ANZVI0803004716|ENERGY|SOLAR_AEROSOL|20180406010102
ANZVI0803004712|ENERGY|SOLAR_IRRADIANCE|20180406010124
ANZVI0803004717|ENERGY|SOLAR_SLOPE|20180406010141
ANZVI0803005881|ENVIRONPROTECT|SANDS_MCDOUGALL|20190219010159
ANZVI0803005882|FORESTS|VICFORESTS_ALLOCATION_APR2019|20190412144735
ANZVI0803005883|CROWNLAND|HUNT25_DUCK|20190223010408
ANZVI0803005884|ENVIRONPROTECT|ENVIRO_AUDIT_LOC_POINT|20190326103657
ANZVI0803005885|ENVIRONPROTECT|ENVIRO_AUDIT_LOC_POLYGON|20190327010243
ANZVI0803005896|UDP|MRS2017|20180629010902
ANZVI0803005897|MINERALS|VICROADS_HML_NETWORK|20180815040748
ANZVI0803005899|CROWNLAND|HUNT25_HOG_DEER|20190223010518
ANZVI0803005892|CROWNLAND|HUNT25_OTHER_DEER|20190223010638
ANZVI0803005894|CROWNLAND|HUNT25_PESTS|20190223010735
ANZVI0803005891|CROWNLAND|HUNT25_SAMBAR_DEER|20190327010208
ANZVI0803005893|CROWNLAND|HUNT25_STUBBLE_QUAIL|20190223010929
ANZVI0803005900|ENVIRONPROTECT|SANDS_MCDOUGALL_BUSINESS_TYPE|20190219010948
ANZVI0803005904|UDP|BH2017|20180725011236
ANZVI0803005903|UDP|IND2017|20180720010208
ANZVI0803005901|UDP|IND2017_PROPOSED_AREAS|20180720010221
ANZVI0803005802|VMADMIN|CFA_BRIGADE_RESPONSE_AREA|20190329183833
ANZVI0803005905|ENVIRONPROTECT|SANDS_MCDOUGALL_PUBLIC|20190219010159
ANZVI0803005907|PLANNING|PPTN_400M_UNION|20180806000000
ANZVI0803005909|ENVIRONPROTECT|SMCD_NONGEOCODED_RECORDS|
ANZVI0803005911|ENVIRONPROTECT|SANDS_MCDOUGALL_NOGEOCODE|
ANZVI0803005912|CROWNLAND|HUNT25_CLOSED|20190410010040
ANZVI0803005920|PLANNING|HEAT_VULNERABILITY_INDEX_2014|20181003000000
ANZVI0803005898|PLANNING|VEGETATION_COVER_2014|20180928000000
ANZVI0803005914|FLOOD|BP_STATIC_1AEP_000SLR|20181004000000
ANZVI0803005915|FLOOD|BP_STATIC_1AEP_020SLR|20181004000000
ANZVI0803005916|FLOOD|BP_STATIC_1AEP_050SLR|20181005010223
ANZVI0803005917|FLOOD|BP_STATIC_1AEP_080SLR|20181005010251
ANZVI0803005918|FLOOD|BP_STATIC_1AEP_110SLR|20181005010316
ANZVI0803005919|FLOOD|BP_STATIC_1AEP_140SLR|20181005010338
ANZVI0803005930|FLOOD|BP_SHORELINE_2012|20181025153134
ANZVI0803005944|WATER|BEDROCK_OUTCROP|20181011010545
ANZVI0803005939|WATER|DESIGNATED_AREA|20181011010613
ANZVI0803005942|WATER|DOMESTIC_STOCK_BORES|20181011010627
ANZVI0803005938|WATER|GW_INVENTORY_PROPERTIES|20181127010707
ANZVI0803005937|WATER|GW_INVENTORY_RECHARGE|20181011010734
ANZVI0803005941|WATER|LICENSED_BORES|20190322010540
ANZVI0803005936|WATER|SUITES_BASEMENT_GW|20181011000000
ANZVI0803005940|WATER|SOBN|20190402010139
ANZVI0803005935|WATER|SUITES_LOWER_GW|20181026011053
ANZVI0803005934|WATER|SUITES_MIDDLE_GW|20181026011119
ANZVI0803005933|WATER|SUITES_UPPER_GW|20181026011138
ANZVI0803005921|FLOOD|BP_DYNAMIC_1AEP_000SLR|20181024010238
ANZVI0803005927|FLOOD|BP_DYNAMIC_1AEP_000SLR_HF|20181024010811
ANZVI0803005922|FLOOD|BP_DYNAMIC_1AEP_020SLR|20181024011046
ANZVI0803005923|FLOOD|BP_DYNAMIC_1AEP_050SLR|20181025145518
ANZVI0803005924|FLOOD|BP_DYNAMIC_1AEP_080SLR|20181025150238
ANZVI0803005928|FLOOD|BP_DYNAMIC_1AEP_080SLR_HF|20181025150549
ANZVI0803005925|FLOOD|BP_DYNAMIC_1AEP_110SLR|20181025151601
ANZVI0803005926|FLOOD|BP_DYNAMIC_1AEP_140SLR|20181025152742
ANZVI0803005929|FLOOD|BP_DYNAMIC_1AEP_140SLR_HF|20181025153115
ANZVI0803005950|CATCHMENTS|LANDUSE_2017|20181114011533
ANZVI0803005957|FIRE|BURNPLAN19|20181201000000
ANZVI0803005963|PLANNING|SOLAR_FARM|20190226012101
ANZVI0803005958|PLANNING|WIND_FARM|20190314011347
ANZVI0803005960|PLANNING|WIND_FARM_CABLE|20190104010509
ANZVI0803005962|PLANNING|WIND_FARM_ROADS|20190104010529
ANZVI0803005965|PLANNING|WIND_FARM_SUBSTATION|20190104010538
ANZVI0803005961|PLANNING|WIND_FARM_TURBINES|20190104010548
ANZVI0803005970|CROWNLAND|HUNT25_LAND_ACT|20190226010328
ANZVI0803005959|PLANNING|WIND_FARM_PROPERTIES|20190316015025
ANZVI0803005964|PLANNING|SOLAR_FARM_PROPERTIES|20190316015014
ANZVI0803007952|FORESTS|FPSP_SURVEY_RESULTS|20190117010312
ANZVI0803007956|CULTURE|PRELIMINARY_REPORT|20190305010217
ANZVI0803007957|ENVIRONPROTECT|ANZSIC_BUSINESS_CODE|20190322130003
ANZVI0803003595|MINERALS|ERUPTION_PTS|20190205040254
ANZVI0803008439|PROVISIONAL|TEST_TR_RAIL|20190219000000
ANZVI0803008422|WATER|GMU|20190227010838
ANZVI0803002928|WATER|RWC_CONTACT_DETAILS|20190227010853
ANZVI0803005653|CULTURE|SENSITIVITY_PUBLIC|20190307000000
ANZVI0803008445|CATCHMENTS|CMA_DATA_REPORT|20190322010112
ANZVI0803008423|WATER|GWRT_OUTPUT|20190326010643
ANZVI0803005270|WATER|VAF100_QA_TDS|20190327010729
ANZVI0803005274|WATER|VAF101_UTB_TDS|20190327010815
ANZVI0803005943|WATER|PUMPING_TEST|20190327010714
ANZVI0803005275|WATER|VAF102_UTQA_TDS|20190327010835
ANZVI0803005273|WATER|VAF104_UTAM_TDS|20190327010900
ANZVI0803005272|WATER|VAF105_UTAF_TDS|20190327010919
ANZVI0803005271|WATER|VAF107_UMTA_TDS|20190327010938
ANZVI0803005265|WATER|VAF109_LMTA_TDS|20190327010953
ANZVI0803005267|WATER|VAF111_LTA_TDS|20190327011007
ANZVI0803005268|WATER|VAF112_LTB1_TDS|20190327011024
ANZVI0803005269|WATER|VAF112_LTB2_TDS|20190327011039
ANZVI0803005264|WATER|VAF114_BSE_TDS|20190327011054
ANZVI0803008446|WATER|VAF_EXTENT_100QA|20190327011109
ANZVI0803008449|WATER|VAF_EXTENT_101UTB|20190327011135
ANZVI0803008450|WATER|VAF_EXTENT_102UTQA|20190327011151
ANZVI0803008451|WATER|VAF_EXTENT_103UTQD|20190327011210
ANZVI0803008459|WATER|VAF_EXTENT_104UTAM|20190327011224
ANZVI0803008453|WATER|VAF_EXTENT_105UTAF|20190327011239
ANZVI0803008454|WATER|VAF_EXTENT_106UTD|20190327011256
ANZVI0803008455|WATER|VAF_EXTENT_107UMTA|20190327011310
ANZVI0803008447|WATER|VAF_EXTENT_108UMTD|20190327011325
ANZVI0803008452|WATER|VAF_EXTENT_109LMTA|20190327011339
ANZVI0803008448|WATER|VAF_EXTENT_110LMTD|20190327011353
ANZVI0803008456|WATER|VAF_EXTENT_111LTA|20190327011407
ANZVI0803008458|WATER|VAF_EXTENT_113CPS|20190327011437
ANZVI0803004915|WATER|WATERTABLE_SALINITY|20190327011450
ANZVI0803008457|WATER|VAF_EXTENT_112LTB|20190327011422
ANZVI0803008464|PLANNING|MSA_EXTENT_PLAN|20190329110638
ANZVI0803008463|PLANNING|INVESTIGATION_AREA|20190329110623
