PRODUCT_ANZLIC_ID|OBJECT_ANZLIC_ID
ANZVI0803002578|ANZVI0803003126
ANZVI0803002529|ANZVI0803002507
ANZVI0803002529|ANZVI0803002531
ANZVI0803002529|ANZVI0803002717
ANZVI0803002529|ANZVI0803002716
ANZVI0803002529|ANZVI0803002905
ANZVI0803002529|ANZVI0803003027
ANZVI0803002529|ANZVI0803003025
ANZVI0803002529|ANZVI0803003034
ANZVI0803002529|ANZVI0803004649
ANZVI0803002529|ANZVI0803004758
ANZVI0803002529|ANZVI0803004759
ANZVI0803002529|ANZVI0803004761
ANZVI0803002529|ANZVI0803004853
ANZVI0803002529|ANZVI0803004854
ANZVI0803002529|ANZVI0803005249
ANZVI0803002529|ANZVI0803005250
ANZVI0803002529|ANZVI0803005369
ANZVI0803002529|ANZVI0803005786
ANZVI0803002777|ANZVI0803002917
ANZVI0803002777|ANZVI0803002916
ANZVI0803002499|ANZVI0803002504
ANZVI0803002499|ANZVI0803002502
ANZVI0803002499|ANZVI0803002893
ANZVI0803002499|ANZVI0803002639
ANZVI0803002499|ANZVI0803002500
ANZVI0803002499|ANZVI0803002501
ANZVI0803002499|ANZVI0803002835
ANZVI0803002499|ANZVI0803002813
ANZVI0803002489|ANZVI0803002494
ANZVI0803002489|ANZVI0803002495
ANZVI0803002489|ANZVI0803002490
ANZVI0803002489|ANZVI0803002491
ANZVI0803002489|ANZVI0803002498
ANZVI0803002489|ANZVI0803002496
ANZVI0803002489|ANZVI0803002497
ANZVI0803002489|ANZVI0803002493
ANZVI0803002864|ANZVI0803002909
ANZVI0803002864|ANZVI0803002912
ANZVI0803002864|ANZVI0803002913
ANZVI0803002864|ANZVI0803002910
ANZVI0803002864|ANZVI0803002914
ANZVI0803002683|ANZVI0803001034
ANZVI0803002683|ANZVI0803002400
ANZVI0803002683|ANZVI0803003237
ANZVI0803002683|ANZVI0803003238
ANZVI0803002683|ANZVI0803002900
ANZVI0803002683|ANZVI0803002896
ANZVI0803002683|ANZVI0803002902
ANZVI0803002683|ANZVI0803002898
ANZVI0803002683|ANZVI0803003236
ANZVI0803002683|ANZVI0803002899
ANZVI0803002683|ANZVI0803004668
ANZVI0803002683|ANZVI0803005175
ANZVI0803003137|ANZVI0803003140
ANZVI0803003137|ANZVI0803003161
ANZVI0803003137|ANZVI0803003091
ANZVI0803003137|ANZVI0803003138
ANZVI0803003137|ANZVI0803003229
ANZVI0803003137|ANZVI0803002643
ANZVI0803003137|ANZVI0803003152
ANZVI0803003137|ANZVI0803005311
ANZVI0803002441|ANZVI0803002446
ANZVI0803002441|ANZVI0803002447
ANZVI0803002441|ANZVI0803002612
ANZVI0803002441|ANZVI0803002442
ANZVI0803002441|ANZVI0803002457
ANZVI0803002441|ANZVI0803003244
ANZVI0803002441|ANZVI0803003245
ANZVI0803002441|ANZVI0803002870
ANZVI0803002441|ANZVI0803002595
ANZVI0803002441|ANZVI0803002444
ANZVI0803002618|ANZVI0803003127
ANZVI0803003297|ANZVI0803003237
ANZVI0803003297|ANZVI0803003238
ANZVI0803003297|ANZVI0803002896
ANZVI0803003297|ANZVI0803002902
ANZVI0803003297|ANZVI0803002898
ANZVI0803003297|ANZVI0803003236
ANZVI0803003297|ANZVI0803003299
ANZVI0803003297|ANZVI0803003298
ANZVI0803003297|ANZVI0803004668
ANZVI0803003297|ANZVI0803005175
ANZVI0803003295|ANZVI0803002835
ANZVI0803003295|ANZVI0803002813
ANZVI0803003294|ANZVI0803002504
ANZVI0803003294|ANZVI0803002502
ANZVI0803003294|ANZVI0803002893
ANZVI0803003294|ANZVI0803002639
ANZVI0803003294|ANZVI0803002500
ANZVI0803003294|ANZVI0803002501
ANZVI0803003303|ANZVI0803003237
ANZVI0803003303|ANZVI0803004668
ANZVI0803001072|ANZVI0803003364
ANZVI0803003301|ANZVI0803005587
ANZVI0803002511|ANZVI0803003385
ANZVI0803002511|ANZVI0803003384
ANZVI0803002740|ANZVI0803003379
ANZVI0803002740|ANZVI0803003378
ANZVI0803002485|ANZVI0803003377
ANZVI0803002485|ANZVI0803003376
ANZVI0803002487|ANZVI0803003383
ANZVI0803002487|ANZVI0803003382
ANZVI0803002525|ANZVI0803003368
ANZVI0803002525|ANZVI0803003367
ANZVI0803002726|ANZVI0803002728
ANZVI0803003347|ANZVI0803003327
ANZVI0803003348|ANZVI0803002193
ANZVI0803003348|ANZVI0803002198
ANZVI0803003348|ANZVI0803003061
ANZVI0803003348|ANZVI0803002195
ANZVI0803003348|ANZVI0803002200
ANZVI0803003348|ANZVI0803002201
ANZVI0803003348|ANZVI0803002338
ANZVI0803003348|ANZVI0803002199
ANZVI0803003348|ANZVI0803003279
ANZVI0803003348|ANZVI0803004653
ANZVI0803003348|ANZVI0803004652
ANZVI0803003349|ANZVI0803002242
ANZVI0803003349|ANZVI0803002330
ANZVI0803003349|ANZVI0803002428
ANZVI0803003349|ANZVI0803002575
ANZVI0803003349|ANZVI0803002352
ANZVI0803003349|ANZVI0803002599
ANZVI0803003352|ANZVI0803003350
ANZVI0803003352|ANZVI0803003351
ANZVI0803003354|ANZVI0803003368
ANZVI0803003354|ANZVI0803003367
ANZVI0803003354|ANZVI0803002235
ANZVI0803003354|ANZVI0803002236
ANZVI0803003354|ANZVI0803002216
ANZVI0803003354|ANZVI0803002976
ANZVI0803003354|ANZVI0803002735
ANZVI0803003354|ANZVI0803002239
ANZVI0803003354|ANZVI0803002225
ANZVI0803003354|ANZVI0803003370
ANZVI0803003354|ANZVI0803003369
ANZVI0803003354|ANZVI0803003372
ANZVI0803003354|ANZVI0803003371
ANZVI0803003355|ANZVI0803002733
ANZVI0803003355|ANZVI0803002731
ANZVI0803003355|ANZVI0803002732
ANZVI0803003355|ANZVI0803002730
ANZVI0803003355|ANZVI0803002729
ANZVI0803003356|ANZVI0803002226
ANZVI0803003356|ANZVI0803002332
ANZVI0803003356|ANZVI0803002348
ANZVI0803003356|ANZVI0803002448
ANZVI0803003356|ANZVI0803002199
ANZVI0803003357|ANZVI0803002331
ANZVI0803003357|ANZVI0803002203
ANZVI0803003358|ANZVI0803002224
ANZVI0803003358|ANZVI0803002229
ANZVI0803003358|ANZVI0803002230
ANZVI0803003358|ANZVI0803002234
ANZVI0803003358|ANZVI0803002233
ANZVI0803003358|ANZVI0803002635
ANZVI0803003359|ANZVI0803003379
ANZVI0803003359|ANZVI0803003378
ANZVI0803003359|ANZVI0803003385
ANZVI0803003359|ANZVI0803003384
ANZVI0803003359|ANZVI0803003381
ANZVI0803003359|ANZVI0803003380
ANZVI0803003359|ANZVI0803003383
ANZVI0803003359|ANZVI0803003382
ANZVI0803003359|ANZVI0803003377
ANZVI0803003359|ANZVI0803003376
ANZVI0803003359|ANZVI0803003375
ANZVI0803003359|ANZVI0803002834
ANZVI0803003359|ANZVI0803002515
ANZVI0803003359|ANZVI0803002725
ANZVI0803003359|ANZVI0803002524
ANZVI0803003359|ANZVI0803002520
ANZVI0803003359|ANZVI0803002523
ANZVI0803003359|ANZVI0803004691
ANZVI0803003359|ANZVI0803004694
ANZVI0803003359|ANZVI0803004692
ANZVI0803003359|ANZVI0803004693
ANZVI0803003359|ANZVI0803004695
ANZVI0803003359|ANZVI0803004696
ANZVI0803003359|ANZVI0803005771
ANZVI0803003386|ANZVI0803003396
ANZVI0803003386|ANZVI0803003395
ANZVI0803003386|ANZVI0803002598
ANZVI0803003386|ANZVI0803003390
ANZVI0803003386|ANZVI0803003389
ANZVI0803003386|ANZVI0803003392
ANZVI0803003386|ANZVI0803003391
ANZVI0803003386|ANZVI0803003394
ANZVI0803003386|ANZVI0803003393
ANZVI0803003374|ANZVI0803002328
ANZVI0803003374|ANZVI0803002227
ANZVI0803003374|ANZVI0803002970
ANZVI0803003374|ANZVI0803002972
ANZVI0803003387|ANZVI0803002622
ANZVI0803003387|ANZVI0803002555
ANZVI0803003387|ANZVI0803002548
ANZVI0803003387|ANZVI0803002240
ANZVI0803003387|ANZVI0803002954
ANZVI0803003387|ANZVI0803002766
ANZVI0803003387|ANZVI0803002765
ANZVI0803003373|ANZVI0803003379
ANZVI0803003373|ANZVI0803003378
ANZVI0803003373|ANZVI0803002328
ANZVI0803003373|ANZVI0803002622
ANZVI0803003373|ANZVI0803003385
ANZVI0803003373|ANZVI0803002733
ANZVI0803003373|ANZVI0803002731
ANZVI0803003373|ANZVI0803002732
ANZVI0803003373|ANZVI0803002730
ANZVI0803003373|ANZVI0803002729
ANZVI0803003373|ANZVI0803003384
ANZVI0803003373|ANZVI0803003381
ANZVI0803003373|ANZVI0803003380
ANZVI0803003373|ANZVI0803003368
ANZVI0803003373|ANZVI0803003367
ANZVI0803003373|ANZVI0803002555
ANZVI0803003373|ANZVI0803002235
ANZVI0803003373|ANZVI0803002236
ANZVI0803003373|ANZVI0803002216
ANZVI0803003373|ANZVI0803002193
ANZVI0803003373|ANZVI0803002242
ANZVI0803003373|ANZVI0803002198
ANZVI0803003373|ANZVI0803002330
ANZVI0803003373|ANZVI0803002331
ANZVI0803003373|ANZVI0803002548
ANZVI0803003373|ANZVI0803003383
ANZVI0803003373|ANZVI0803003382
ANZVI0803003373|ANZVI0803003377
ANZVI0803003373|ANZVI0803003376
ANZVI0803003373|ANZVI0803003375
ANZVI0803003373|ANZVI0803003061
ANZVI0803003373|ANZVI0803002428
ANZVI0803003373|ANZVI0803003434
ANZVI0803003373|ANZVI0803003424
ANZVI0803003373|ANZVI0803002669
ANZVI0803003373|ANZVI0803002742
ANZVI0803003373|ANZVI0803002573
ANZVI0803003373|ANZVI0803002574
ANZVI0803003373|ANZVI0803002744
ANZVI0803003373|ANZVI0803002332
ANZVI0803003373|ANZVI0803002348
ANZVI0803003373|ANZVI0803002240
ANZVI0803003373|ANZVI0803002834
ANZVI0803003373|ANZVI0803002227
ANZVI0803003373|ANZVI0803002203
ANZVI0803003373|ANZVI0803002976
ANZVI0803003373|ANZVI0803002575
ANZVI0803003373|ANZVI0803002195
ANZVI0803003373|ANZVI0803002735
ANZVI0803003373|ANZVI0803002239
ANZVI0803003373|ANZVI0803002352
ANZVI0803003373|ANZVI0803002225
ANZVI0803003373|ANZVI0803002515
ANZVI0803003373|ANZVI0803002725
ANZVI0803003373|ANZVI0803002448
ANZVI0803003373|ANZVI0803002201
ANZVI0803003373|ANZVI0803002338
ANZVI0803003373|ANZVI0803002199
ANZVI0803003373|ANZVI0803003279
ANZVI0803003373|ANZVI0803002599
ANZVI0803003373|ANZVI0803003396
ANZVI0803003373|ANZVI0803003395
ANZVI0803003373|ANZVI0803002598
ANZVI0803003373|ANZVI0803002224
ANZVI0803003373|ANZVI0803002229
ANZVI0803003373|ANZVI0803002230
ANZVI0803003373|ANZVI0803002234
ANZVI0803003373|ANZVI0803002233
ANZVI0803003373|ANZVI0803003390
ANZVI0803003373|ANZVI0803003389
ANZVI0803003373|ANZVI0803003392
ANZVI0803003373|ANZVI0803003391
ANZVI0803003373|ANZVI0803003394
ANZVI0803003373|ANZVI0803003393
ANZVI0803003373|ANZVI0803002954
ANZVI0803003373|ANZVI0803002766
ANZVI0803003373|ANZVI0803002765
ANZVI0803003373|ANZVI0803002635
ANZVI0803003373|ANZVI0803002524
ANZVI0803003373|ANZVI0803002520
ANZVI0803003373|ANZVI0803002970
ANZVI0803003373|ANZVI0803002972
ANZVI0803003373|ANZVI0803003350
ANZVI0803003373|ANZVI0803003351
ANZVI0803003373|ANZVI0803003370
ANZVI0803003373|ANZVI0803003369
ANZVI0803003373|ANZVI0803003372
ANZVI0803003373|ANZVI0803003371
ANZVI0803003373|ANZVI0803003497
ANZVI0803003373|ANZVI0803003498
ANZVI0803003373|ANZVI0803003499
ANZVI0803003373|ANZVI0803004884
ANZVI0803003373|ANZVI0803004557
ANZVI0803003373|ANZVI0803004185
ANZVI0803003373|ANZVI0803004567
ANZVI0803003373|ANZVI0803004564
ANZVI0803003373|ANZVI0803004566
ANZVI0803003373|ANZVI0803004653
ANZVI0803003373|ANZVI0803004652
ANZVI0803003373|ANZVI0803004691
ANZVI0803003373|ANZVI0803004694
ANZVI0803003373|ANZVI0803004692
ANZVI0803003373|ANZVI0803004693
ANZVI0803003373|ANZVI0803004695
ANZVI0803003373|ANZVI0803004696
ANZVI0803003373|ANZVI0803005771
ANZVI0803003430|ANZVI0803003434
ANZVI0803003430|ANZVI0803003424
ANZVI0803003430|ANZVI0803002669
ANZVI0803003430|ANZVI0803002742
ANZVI0803003430|ANZVI0803002573
ANZVI0803003430|ANZVI0803002574
ANZVI0803003430|ANZVI0803002744
ANZVI0803003525|ANZVI0803003518
ANZVI0803003525|ANZVI0803003526
ANZVI0803003525|ANZVI0803003527
ANZVI0803003525|ANZVI0803003528
ANZVI0803003525|ANZVI0803003532
ANZVI0803003525|ANZVI0803003533
ANZVI0803003525|ANZVI0803003512
ANZVI0803003525|ANZVI0803003513
ANZVI0803003525|ANZVI0803003519
ANZVI0803003525|ANZVI0803003531
ANZVI0803003525|ANZVI0803003520
ANZVI0803003525|ANZVI0803003521
ANZVI0803003525|ANZVI0803003529
ANZVI0803003525|ANZVI0803003530
ANZVI0803003525|ANZVI0803003511
ANZVI0803003525|ANZVI0803003508
ANZVI0803003525|ANZVI0803003510
ANZVI0803003525|ANZVI0803003524
ANZVI0803003525|ANZVI0803003522
ANZVI0803003525|ANZVI0803003516
ANZVI0803003525|ANZVI0803003517
ANZVI0803003525|ANZVI0803003514
ANZVI0803003525|ANZVI0803003515
ANZVI0803003646|ANZVI0803002538
ANZVI0803003646|ANZVI0803002305
ANZVI0803003646|ANZVI0803003293
ANZVI0803003646|ANZVI0803003308
ANZVI0803003646|ANZVI0803003600
ANZVI0803003646|ANZVI0803003644
ANZVI0803003646|ANZVI0803003645
ANZVI0803003646|ANZVI0803003642
ANZVI0803003646|ANZVI0803003643
ANZVI0803003646|ANZVI0803003636
ANZVI0803003646|ANZVI0803004976
ANZVI0803003646|ANZVI0803004980
ANZVI0803004308|ANZVI0803003091
ANZVI0803004308|ANZVI0803003138
ANZVI0803004308|ANZVI0803003229
ANZVI0803004308|ANZVI0803002305
ANZVI0803004269|ANZVI0803004726
ANZVI0803004269|ANZVI0803004727
ANZVI0803004269|ANZVI0803004728
ANZVI0803004269|ANZVI0803004731
ANZVI0803004269|ANZVI0803004729
ANZVI0803004269|ANZVI0803004732
ANZVI0803004269|ANZVI0803004730
ANZVI0803004269|ANZVI0803004733
ANZVI0803004341|ANZVI0803003630
ANZVI0803004341|ANZVI0803004311
ANZVI0803004341|ANZVI0803003709
ANZVI0803004612|ANZVI0803002894
ANZVI0803004612|ANZVI0803002895
ANZVI0803004612|ANZVI0803004580
ANZVI0803004612|ANZVI0803004575
ANZVI0803004612|ANZVI0803004574
ANZVI0803004612|ANZVI0803004577
ANZVI0803004612|ANZVI0803004576
ANZVI0803004612|ANZVI0803004579
ANZVI0803004612|ANZVI0803004578
ANZVI0803004612|ANZVI0803004581
ANZVI0803004725|ANZVI0803003140
ANZVI0803004725|ANZVI0803003161
ANZVI0803004725|ANZVI0803003091
ANZVI0803004725|ANZVI0803003138
ANZVI0803004725|ANZVI0803003229
ANZVI0803004725|ANZVI0803002643
ANZVI0803004725|ANZVI0803003152
ANZVI0803004725|ANZVI0803002905
ANZVI0803004725|ANZVI0803003027
ANZVI0803004859|ANZVI0803004294
ANZVI0803004859|ANZVI0803004295
ANZVI0803004859|ANZVI0803004296
ANZVI0803004859|ANZVI0803004297
ANZVI0803004859|ANZVI0803004298
ANZVI0803004859|ANZVI0803004299
ANZVI0803004860|ANZVI0803004669
ANZVI0803004860|ANZVI0803004674
ANZVI0803004860|ANZVI0803004673
ANZVI0803004860|ANZVI0803004672
ANZVI0803004860|ANZVI0803004671
ANZVI0803004860|ANZVI0803004670
ANZVI0803004860|ANZVI0803004771
ANZVI0803005088|ANZVI0803002510
ANZVI0803005088|ANZVI0803002733
ANZVI0803005088|ANZVI0803002731
ANZVI0803005088|ANZVI0803002732
ANZVI0803005088|ANZVI0803002730
ANZVI0803005088|ANZVI0803002729
ANZVI0803005088|ANZVI0803003497
ANZVI0803005088|ANZVI0803003498
ANZVI0803005088|ANZVI0803003499
ANZVI0803005088|ANZVI0803004884
ANZVI0803005088|ANZVI0803004557
ANZVI0803005197|ANZVI0803005139
ANZVI0803005197|ANZVI0803005136
ANZVI0803005197|ANZVI0803005109
ANZVI0803005197|ANZVI0803005144
ANZVI0803005197|ANZVI0803005142
ANZVI0803005197|ANZVI0803005137
ANZVI0803005197|ANZVI0803005145
ANZVI0803005197|ANZVI0803005146
ANZVI0803005197|ANZVI0803005138
ANZVI0803005197|ANZVI0803005140
ANZVI0803005197|ANZVI0803005141
ANZVI0803005197|ANZVI0803005143
ANZVI0803005198|ANZVI0803005112
ANZVI0803005198|ANZVI0803005139
ANZVI0803005198|ANZVI0803005127
ANZVI0803005198|ANZVI0803005136
ANZVI0803005198|ANZVI0803005109
ANZVI0803005198|ANZVI0803005134
ANZVI0803005198|ANZVI0803005117
ANZVI0803005198|ANZVI0803005122
ANZVI0803005198|ANZVI0803005118
ANZVI0803005198|ANZVI0803005114
ANZVI0803005198|ANZVI0803005130
ANZVI0803005198|ANZVI0803005098
ANZVI0803005198|ANZVI0803005144
ANZVI0803005198|ANZVI0803005133
ANZVI0803005198|ANZVI0803005142
ANZVI0803005198|ANZVI0803005137
ANZVI0803005198|ANZVI0803005113
ANZVI0803005198|ANZVI0803005145
ANZVI0803005198|ANZVI0803005146
ANZVI0803005198|ANZVI0803005128
ANZVI0803005198|ANZVI0803005129
ANZVI0803005198|ANZVI0803005135
ANZVI0803005198|ANZVI0803005131
ANZVI0803005198|ANZVI0803005115
ANZVI0803005198|ANZVI0803005138
ANZVI0803005198|ANZVI0803005132
ANZVI0803005198|ANZVI0803005140
ANZVI0803005198|ANZVI0803005110
ANZVI0803005198|ANZVI0803005125
ANZVI0803005198|ANZVI0803005141
ANZVI0803005198|ANZVI0803005116
ANZVI0803005198|ANZVI0803005143
ANZVI0803005198|ANZVI0803005126
ANZVI0803005298|ANZVI0803000062
ANZVI0803005298|ANZVI0803000320
ANZVI0803005298|ANZVI0803000061
ANZVI0803005298|ANZVI0803000063
ANZVI0803005298|ANZVI0803000321
ANZVI0803005298|ANZVI0803000064
ANZVI0803005298|ANZVI0803005844
ANZVI0803005298|ANZVI0803005851
ANZVI0803005298|ANZVI0803005858
ANZVI0803005298|ANZVI0803005849
ANZVI0803005298|ANZVI0803005856
ANZVI0803005298|ANZVI0803005848
ANZVI0803005298|ANZVI0803005855
ANZVI0803005298|ANZVI0803005845
ANZVI0803005298|ANZVI0803005852
ANZVI0803005298|ANZVI0803005846
ANZVI0803005298|ANZVI0803005853
ANZVI0803005298|ANZVI0803005857
ANZVI0803005298|ANZVI0803005847
ANZVI0803005298|ANZVI0803005854
ANZVI0803005310|ANZVI0803005309
ANZVI0803005310|ANZVI0803005313
ANZVI0803005310|ANZVI0803005316
ANZVI0803005310|ANZVI0803005314
ANZVI0803005310|ANZVI0803005315
ANZVI0803005374|ANZVI0803002490
ANZVI0803005374|ANZVI0803002491
ANZVI0803005374|ANZVI0803002504
ANZVI0803005374|ANZVI0803002193
ANZVI0803005374|ANZVI0803003447
ANZVI0803005374|ANZVI0803004564
ANZVI0803005705|ANZVI0803005677
ANZVI0803005705|ANZVI0803005678
ANZVI0803005742|ANZVI0803005739
ANZVI0803005742|ANZVI0803005743
ANZVI0803005748|ANZVI0803005750
ANZVI0803005748|ANZVI0803005749
ANZVI0803005822|ANZVI0803005817
ANZVI0803005822|ANZVI0803005818
ANZVI0803005822|ANZVI0803005819
ANZVI0803005822|ANZVI0803005820
ANZVI0803005822|ANZVI0803005821
ANZVI0803005955|ANZVI0803005951
ANZVI0803005955|ANZVI0803005954
ANZVI0803005972|ANZVI0803003298
